USE auxiliary;

--1980
insert into holidays ("date", "holiday", "bank_holiday") values ('1980-01-01', 'New Year', 1);
insert into holidays ("date", "holiday", "bank_holiday") values ('1980-01-21', 'Grandmother''s Day', 0);
insert into holidays ("date", "holiday", "bank_holiday") values ('1980-01-22', 'Grandfather''s Day', 0);
insert into holidays ("date", "holiday", "bank_holiday") values ('1980-02-14', 'Valentine''s Day', 0);
insert into holidays ("date", "holiday", "bank_holiday") values ('1980-04-01', 'April Fool''s Day', 0);
insert into holidays ("date", "holiday", "bank_holiday") values ('1980-05-01', 'Labour Day', 1);
insert into holidays ("date", "holiday", "bank_holiday") values ('1980-05-03', '3rd of May Constitution''s Day', 1);
insert into holidays ("date", "holiday", "bank_holiday") values ('1980-05-26', 'Mother''s Day', 0);
insert into holidays ("date", "holiday", "bank_holiday") values ('1980-06-01', 'Children''s Day', 0);
insert into holidays ("date", "holiday", "bank_holiday") values ('1980-06-23', 'Father''s Day', 0);
insert into holidays ("date", "holiday", "bank_holiday") values ('1980-08-15', 'Feast of the Assumption', 1);
insert into holidays ("date", "holiday", "bank_holiday") values ('1980-11-01', 'Feast of All Saints', 1);
insert into holidays ("date", "holiday", "bank_holiday") values ('1980-11-02', 'All Souls'' Day', 0);
insert into holidays ("date", "holiday", "bank_holiday") values ('1980-11-11', 'Independence Day', 1);
insert into holidays ("date", "holiday", "bank_holiday") values ('1980-11-30', 'Andrzejki', 0);
insert into holidays ("date", "holiday", "bank_holiday") values ('1980-12-24', 'Christmas Eve', 0);
insert into holidays ("date", "holiday", "bank_holiday") values ('1980-12-25', 'Christmas', 1);
insert into holidays ("date", "holiday", "bank_holiday") values ('1980-12-26', 'Second Day of Christmas', 1);
insert into holidays ("date", "holiday", "bank_holiday") values ('1980-12-31', 'New Year''s Eve', 0);

insert into holidays ("date", "holiday", "bank_holiday") values ('1980-04-03', 'Maundy Thursday', 0);
insert into holidays ("date", "holiday", "bank_holiday") values ('1980-04-04', 'Good Friday', 0);
insert into holidays ("date", "holiday", "bank_holiday") values ('1980-04-05', 'Holy Saturday', 0);
insert into holidays ("date", "holiday", "bank_holiday") values ('1980-04-06', 'Easter Sunday', 1);	
insert into holidays ("date", "holiday", "bank_holiday") values ('1980-04-07', 'Easter Monday', 1);
insert into holidays ("date", "holiday", "bank_holiday") values ('1980-05-25', 'Pentecost', 1);	
insert into holidays ("date", "holiday", "bank_holiday") values ('1980-06-05', 'Corpus Christi', 1);		

--1981
insert into holidays ("date", "holiday", "bank_holiday") values ('1981-01-01', 'New Year', 1);
insert into holidays ("date", "holiday", "bank_holiday") values ('1981-01-21', 'Grandmother''s Day', 0);
insert into holidays ("date", "holiday", "bank_holiday") values ('1981-01-22', 'Grandfather''s Day', 0);
insert into holidays ("date", "holiday", "bank_holiday") values ('1981-02-14', 'Valentine''s Day', 0);
insert into holidays ("date", "holiday", "bank_holiday") values ('1981-04-01', 'April Fool''s Day', 0);
insert into holidays ("date", "holiday", "bank_holiday") values ('1981-05-01', 'Labour Day', 1);
insert into holidays ("date", "holiday", "bank_holiday") values ('1981-05-03', '3rd of May Constitution''s Day', 1);
insert into holidays ("date", "holiday", "bank_holiday") values ('1981-05-26', 'Mother''s Day', 0);
insert into holidays ("date", "holiday", "bank_holiday") values ('1981-06-01', 'Children''s Day', 0);
insert into holidays ("date", "holiday", "bank_holiday") values ('1981-06-23', 'Father''s Day', 0);
insert into holidays ("date", "holiday", "bank_holiday") values ('1981-08-15', 'Feast of the Assumption', 1);
insert into holidays ("date", "holiday", "bank_holiday") values ('1981-11-01', 'Feast of All Saints', 1);
insert into holidays ("date", "holiday", "bank_holiday") values ('1981-11-02', 'All Souls'' Day', 0);
insert into holidays ("date", "holiday", "bank_holiday") values ('1981-11-11', 'Independence Day', 1);
insert into holidays ("date", "holiday", "bank_holiday") values ('1981-11-30', 'Andrzejki', 0);
insert into holidays ("date", "holiday", "bank_holiday") values ('1981-12-24', 'Christmas Eve', 0);
insert into holidays ("date", "holiday", "bank_holiday") values ('1981-12-25', 'Christmas', 1);
insert into holidays ("date", "holiday", "bank_holiday") values ('1981-12-26', 'Second Day of Christmas', 1);
insert into holidays ("date", "holiday", "bank_holiday") values ('1981-12-31', 'New Year''s Eve', 0);

insert into holidays ("date", "holiday", "bank_holiday") values ('1981-04-16', 'Maundy Thursday', 0);
insert into holidays ("date", "holiday", "bank_holiday") values ('1981-04-17', 'Good Friday', 0);
insert into holidays ("date", "holiday", "bank_holiday") values ('1981-04-18', 'Holy Saturday', 0);
insert into holidays ("date", "holiday", "bank_holiday") values ('1981-04-19', 'Easter Sunday', 1);	
insert into holidays ("date", "holiday", "bank_holiday") values ('1981-04-20', 'Easter Monday', 1);
insert into holidays ("date", "holiday", "bank_holiday") values ('1981-06-07', 'Pentecost', 1);	
insert into holidays ("date", "holiday", "bank_holiday") values ('1981-06-18', 'Corpus Christi', 1);		

--1982
insert into holidays ("date", "holiday", "bank_holiday") values ('1982-01-01', 'New Year', 1);
insert into holidays ("date", "holiday", "bank_holiday") values ('1982-01-21', 'Grandmother''s Day', 0);
insert into holidays ("date", "holiday", "bank_holiday") values ('1982-01-22', 'Grandfather''s Day', 0);
insert into holidays ("date", "holiday", "bank_holiday") values ('1982-02-14', 'Valentine''s Day', 0);
insert into holidays ("date", "holiday", "bank_holiday") values ('1982-04-01', 'April Fool''s Day', 0);
insert into holidays ("date", "holiday", "bank_holiday") values ('1982-05-01', 'Labour Day', 1);
insert into holidays ("date", "holiday", "bank_holiday") values ('1982-05-03', '3rd of May Constitution''s Day', 1);
insert into holidays ("date", "holiday", "bank_holiday") values ('1982-05-26', 'Mother''s Day', 0);
insert into holidays ("date", "holiday", "bank_holiday") values ('1982-06-01', 'Children''s Day', 0);
insert into holidays ("date", "holiday", "bank_holiday") values ('1982-06-23', 'Father''s Day', 0);
insert into holidays ("date", "holiday", "bank_holiday") values ('1982-08-15', 'Feast of the Assumption', 1);
insert into holidays ("date", "holiday", "bank_holiday") values ('1982-11-01', 'Feast of All Saints', 1);
insert into holidays ("date", "holiday", "bank_holiday") values ('1982-11-02', 'All Souls'' Day', 0);
insert into holidays ("date", "holiday", "bank_holiday") values ('1982-11-11', 'Independence Day', 1);
insert into holidays ("date", "holiday", "bank_holiday") values ('1982-11-30', 'Andrzejki', 0);
insert into holidays ("date", "holiday", "bank_holiday") values ('1982-12-24', 'Christmas Eve', 0);
insert into holidays ("date", "holiday", "bank_holiday") values ('1982-12-25', 'Christmas', 1);
insert into holidays ("date", "holiday", "bank_holiday") values ('1982-12-26', 'Second Day of Christmas', 1);
insert into holidays ("date", "holiday", "bank_holiday") values ('1982-12-31', 'New Year''s Eve', 0);

insert into holidays ("date", "holiday", "bank_holiday") values ('1982-04-08', 'Maundy Thursday', 0);
insert into holidays ("date", "holiday", "bank_holiday") values ('1982-04-09', 'Good Friday', 0);
insert into holidays ("date", "holiday", "bank_holiday") values ('1982-04-10', 'Holy Saturday', 0);
insert into holidays ("date", "holiday", "bank_holiday") values ('1982-04-11', 'Easter Sunday', 1);	
insert into holidays ("date", "holiday", "bank_holiday") values ('1982-04-12', 'Easter Monday', 1);
insert into holidays ("date", "holiday", "bank_holiday") values ('1982-05-30', 'Pentecost', 1);	
insert into holidays ("date", "holiday", "bank_holiday") values ('1982-06-10', 'Corpus Christi', 1);		

--1983
insert into holidays ("date", "holiday", "bank_holiday") values ('1983-01-01', 'New Year', 1);
insert into holidays ("date", "holiday", "bank_holiday") values ('1983-01-21', 'Grandmother''s Day', 0);
insert into holidays ("date", "holiday", "bank_holiday") values ('1983-01-22', 'Grandfather''s Day', 0);
insert into holidays ("date", "holiday", "bank_holiday") values ('1983-02-14', 'Valentine''s Day', 0);
--insert into holidays ("date", "holiday", "bank_holiday") values ('1983-04-01', 'April Fool''s Day', 0);
insert into holidays ("date", "holiday", "bank_holiday") values ('1983-05-01', 'Labour Day', 1);
insert into holidays ("date", "holiday", "bank_holiday") values ('1983-05-03', '3rd of May Constitution''s Day', 1);
insert into holidays ("date", "holiday", "bank_holiday") values ('1983-05-26', 'Mother''s Day', 0);
insert into holidays ("date", "holiday", "bank_holiday") values ('1983-06-01', 'Children''s Day', 0);
insert into holidays ("date", "holiday", "bank_holiday") values ('1983-06-23', 'Father''s Day', 0);
insert into holidays ("date", "holiday", "bank_holiday") values ('1983-08-15', 'Feast of the Assumption', 1);
insert into holidays ("date", "holiday", "bank_holiday") values ('1983-11-01', 'Feast of All Saints', 1);
insert into holidays ("date", "holiday", "bank_holiday") values ('1983-11-02', 'All Souls'' Day', 0);
insert into holidays ("date", "holiday", "bank_holiday") values ('1983-11-11', 'Independence Day', 1);
insert into holidays ("date", "holiday", "bank_holiday") values ('1983-11-30', 'Andrzejki', 0);
insert into holidays ("date", "holiday", "bank_holiday") values ('1983-12-24', 'Christmas Eve', 0);
insert into holidays ("date", "holiday", "bank_holiday") values ('1983-12-25', 'Christmas', 1);
insert into holidays ("date", "holiday", "bank_holiday") values ('1983-12-26', 'Second Day of Christmas', 1);
insert into holidays ("date", "holiday", "bank_holiday") values ('1983-12-31', 'New Year''s Eve', 0);

insert into holidays ("date", "holiday", "bank_holiday") values ('1983-03-31', 'Maundy Thursday', 0);
insert into holidays ("date", "holiday", "bank_holiday") values ('1983-04-01', 'Good Friday/April Fool''s Day', 0);
insert into holidays ("date", "holiday", "bank_holiday") values ('1983-04-02', 'Holy Saturday', 0);
insert into holidays ("date", "holiday", "bank_holiday") values ('1983-04-03', 'Easter Sunday', 1);	
insert into holidays ("date", "holiday", "bank_holiday") values ('1983-04-04', 'Easter Monday', 1);
insert into holidays ("date", "holiday", "bank_holiday") values ('1983-05-22', 'Pentecost', 1);	
insert into holidays ("date", "holiday", "bank_holiday") values ('1983-06-02', 'Corpus Christi', 1);		

--1984
insert into holidays ("date", "holiday", "bank_holiday") values ('1984-01-01', 'New Year', 1);
insert into holidays ("date", "holiday", "bank_holiday") values ('1984-01-21', 'Grandmother''s Day', 0);
insert into holidays ("date", "holiday", "bank_holiday") values ('1984-01-22', 'Grandfather''s Day', 0);
insert into holidays ("date", "holiday", "bank_holiday") values ('1984-02-14', 'Valentine''s Day', 0);
insert into holidays ("date", "holiday", "bank_holiday") values ('1984-04-01', 'April Fool''s Day', 0);
insert into holidays ("date", "holiday", "bank_holiday") values ('1984-05-01', 'Labour Day', 1);
insert into holidays ("date", "holiday", "bank_holiday") values ('1984-05-03', '3rd of May Constitution''s Day', 1);
insert into holidays ("date", "holiday", "bank_holiday") values ('1984-05-26', 'Mother''s Day', 0);
insert into holidays ("date", "holiday", "bank_holiday") values ('1984-06-01', 'Children''s Day', 0);
insert into holidays ("date", "holiday", "bank_holiday") values ('1984-06-23', 'Father''s Day', 0);
insert into holidays ("date", "holiday", "bank_holiday") values ('1984-08-15', 'Feast of the Assumption', 1);
insert into holidays ("date", "holiday", "bank_holiday") values ('1984-11-01', 'Feast of All Saints', 1);
insert into holidays ("date", "holiday", "bank_holiday") values ('1984-11-02', 'All Souls'' Day', 0);
insert into holidays ("date", "holiday", "bank_holiday") values ('1984-11-11', 'Independence Day', 1);
insert into holidays ("date", "holiday", "bank_holiday") values ('1984-11-30', 'Andrzejki', 0);
insert into holidays ("date", "holiday", "bank_holiday") values ('1984-12-24', 'Christmas Eve', 0);
insert into holidays ("date", "holiday", "bank_holiday") values ('1984-12-25', 'Christmas', 1);
insert into holidays ("date", "holiday", "bank_holiday") values ('1984-12-26', 'Second Day of Christmas', 1);
insert into holidays ("date", "holiday", "bank_holiday") values ('1984-12-31', 'New Year''s Eve', 0);

insert into holidays ("date", "holiday", "bank_holiday") values ('1984-04-19', 'Maundy Thursday', 0);
insert into holidays ("date", "holiday", "bank_holiday") values ('1984-04-20', 'Good Friday', 0);
insert into holidays ("date", "holiday", "bank_holiday") values ('1984-04-21', 'Holy Saturday', 0);
insert into holidays ("date", "holiday", "bank_holiday") values ('1984-04-22', 'Easter Sunday', 1);	
insert into holidays ("date", "holiday", "bank_holiday") values ('1984-04-23', 'Easter Monday', 1);
insert into holidays ("date", "holiday", "bank_holiday") values ('1984-06-10', 'Pentecost', 1);	
insert into holidays ("date", "holiday", "bank_holiday") values ('1984-06-21', 'Corpus Christi', 1);		

--1985
insert into holidays ("date", "holiday", "bank_holiday") values ('1985-01-01', 'New Year', 1);
insert into holidays ("date", "holiday", "bank_holiday") values ('1985-01-21', 'Grandmother''s Day', 0);
insert into holidays ("date", "holiday", "bank_holiday") values ('1985-01-22', 'Grandfather''s Day', 0);
insert into holidays ("date", "holiday", "bank_holiday") values ('1985-02-14', 'Valentine''s Day', 0);
insert into holidays ("date", "holiday", "bank_holiday") values ('1985-04-01', 'April Fool''s Day', 0);
insert into holidays ("date", "holiday", "bank_holiday") values ('1985-05-01', 'Labour Day', 1);
insert into holidays ("date", "holiday", "bank_holiday") values ('1985-05-03', '3rd of May Constitution''s Day', 1);
--insert into holidays ("date", "holiday", "bank_holiday") values ('1985-05-26', 'Mother''s Day', 0);
insert into holidays ("date", "holiday", "bank_holiday") values ('1985-06-01', 'Children''s Day', 0);
insert into holidays ("date", "holiday", "bank_holiday") values ('1985-06-23', 'Father''s Day', 0);
insert into holidays ("date", "holiday", "bank_holiday") values ('1985-08-15', 'Feast of the Assumption', 1);
insert into holidays ("date", "holiday", "bank_holiday") values ('1985-11-01', 'Feast of All Saints', 1);
insert into holidays ("date", "holiday", "bank_holiday") values ('1985-11-02', 'All Souls'' Day', 0);
insert into holidays ("date", "holiday", "bank_holiday") values ('1985-11-11', 'Independence Day', 1);
insert into holidays ("date", "holiday", "bank_holiday") values ('1985-11-30', 'Andrzejki', 0);
insert into holidays ("date", "holiday", "bank_holiday") values ('1985-12-24', 'Christmas Eve', 0);
insert into holidays ("date", "holiday", "bank_holiday") values ('1985-12-25', 'Christmas', 1);
insert into holidays ("date", "holiday", "bank_holiday") values ('1985-12-26', 'Second Day of Christmas', 1);
insert into holidays ("date", "holiday", "bank_holiday") values ('1985-12-31', 'New Year''s Eve', 0);

insert into holidays ("date", "holiday", "bank_holiday") values ('1985-04-04', 'Maundy Thursday', 0);
insert into holidays ("date", "holiday", "bank_holiday") values ('1985-04-05', 'Good Friday', 0);
insert into holidays ("date", "holiday", "bank_holiday") values ('1985-04-06', 'Holy Saturday', 0);
insert into holidays ("date", "holiday", "bank_holiday") values ('1985-04-07', 'Easter Sunday', 1);	
insert into holidays ("date", "holiday", "bank_holiday") values ('1985-04-08', 'Easter Monday', 1);
insert into holidays ("date", "holiday", "bank_holiday") values ('1985-05-26', 'Pentecost/Mother''s Day', 1);	
insert into holidays ("date", "holiday", "bank_holiday") values ('1985-06-06', 'Corpus Christi', 1);		

--1986
insert into holidays ("date", "holiday", "bank_holiday") values ('1986-01-01', 'New Year', 1);
insert into holidays ("date", "holiday", "bank_holiday") values ('1986-01-21', 'Grandmother''s Day', 0);
insert into holidays ("date", "holiday", "bank_holiday") values ('1986-01-22', 'Grandfather''s Day', 0);
insert into holidays ("date", "holiday", "bank_holiday") values ('1986-02-14', 'Valentine''s Day', 0);
insert into holidays ("date", "holiday", "bank_holiday") values ('1986-04-01', 'April Fool''s Day', 0);
insert into holidays ("date", "holiday", "bank_holiday") values ('1986-05-01', 'Labour Day', 1);
insert into holidays ("date", "holiday", "bank_holiday") values ('1986-05-03', '3rd of May Constitution''s Day', 1);
insert into holidays ("date", "holiday", "bank_holiday") values ('1986-05-26', 'Mother''s Day', 0);
insert into holidays ("date", "holiday", "bank_holiday") values ('1986-06-01', 'Children''s Day', 0);
insert into holidays ("date", "holiday", "bank_holiday") values ('1986-06-23', 'Father''s Day', 0);
insert into holidays ("date", "holiday", "bank_holiday") values ('1986-08-15', 'Feast of the Assumption', 1);
insert into holidays ("date", "holiday", "bank_holiday") values ('1986-11-01', 'Feast of All Saints', 1);
insert into holidays ("date", "holiday", "bank_holiday") values ('1986-11-02', 'All Souls'' Day', 0);
insert into holidays ("date", "holiday", "bank_holiday") values ('1986-11-11', 'Independence Day', 1);
insert into holidays ("date", "holiday", "bank_holiday") values ('1986-11-30', 'Andrzejki', 0);
insert into holidays ("date", "holiday", "bank_holiday") values ('1986-12-24', 'Christmas Eve', 0);
insert into holidays ("date", "holiday", "bank_holiday") values ('1986-12-25', 'Christmas', 1);
insert into holidays ("date", "holiday", "bank_holiday") values ('1986-12-26', 'Second Day of Christmas', 1);
insert into holidays ("date", "holiday", "bank_holiday") values ('1986-12-31', 'New Year''s Eve', 0);

insert into holidays ("date", "holiday", "bank_holiday") values ('1986-03-27', 'Maundy Thursday', 0);
insert into holidays ("date", "holiday", "bank_holiday") values ('1986-03-28', 'Good Friday', 0);
insert into holidays ("date", "holiday", "bank_holiday") values ('1986-03-29', 'Holy Saturday', 0);
insert into holidays ("date", "holiday", "bank_holiday") values ('1986-03-30', 'Easter Sunday', 1);	
insert into holidays ("date", "holiday", "bank_holiday") values ('1986-03-31', 'Easter Monday', 1);
insert into holidays ("date", "holiday", "bank_holiday") values ('1986-05-18', 'Pentecost', 1);	
insert into holidays ("date", "holiday", "bank_holiday") values ('1986-05-29', 'Corpus Christi', 1);		

--1987
insert into holidays ("date", "holiday", "bank_holiday") values ('1987-01-01', 'New Year', 1);
insert into holidays ("date", "holiday", "bank_holiday") values ('1987-01-21', 'Grandmother''s Day', 0);
insert into holidays ("date", "holiday", "bank_holiday") values ('1987-01-22', 'Grandfather''s Day', 0);
insert into holidays ("date", "holiday", "bank_holiday") values ('1987-02-14', 'Valentine''s Day', 0);
insert into holidays ("date", "holiday", "bank_holiday") values ('1987-04-01', 'April Fool''s Day', 0);
insert into holidays ("date", "holiday", "bank_holiday") values ('1987-05-01', 'Labour Day', 1);
insert into holidays ("date", "holiday", "bank_holiday") values ('1987-05-03', '3rd of May Constitution''s Day', 1);
insert into holidays ("date", "holiday", "bank_holiday") values ('1987-05-26', 'Mother''s Day', 0);
insert into holidays ("date", "holiday", "bank_holiday") values ('1987-06-01', 'Children''s Day', 0);
insert into holidays ("date", "holiday", "bank_holiday") values ('1987-06-23', 'Father''s Day', 0);
insert into holidays ("date", "holiday", "bank_holiday") values ('1987-08-15', 'Feast of the Assumption', 1);
insert into holidays ("date", "holiday", "bank_holiday") values ('1987-11-01', 'Feast of All Saints', 1);
insert into holidays ("date", "holiday", "bank_holiday") values ('1987-11-02', 'All Souls'' Day', 0);
insert into holidays ("date", "holiday", "bank_holiday") values ('1987-11-11', 'Independence Day', 1);
insert into holidays ("date", "holiday", "bank_holiday") values ('1987-11-30', 'Andrzejki', 0);
insert into holidays ("date", "holiday", "bank_holiday") values ('1987-12-24', 'Christmas Eve', 0);
insert into holidays ("date", "holiday", "bank_holiday") values ('1987-12-25', 'Christmas', 1);
insert into holidays ("date", "holiday", "bank_holiday") values ('1987-12-26', 'Second Day of Christmas', 1);
insert into holidays ("date", "holiday", "bank_holiday") values ('1987-12-31', 'New Year''s Eve', 0);

insert into holidays ("date", "holiday", "bank_holiday") values ('1987-04-16', 'Maundy Thursday', 0);
insert into holidays ("date", "holiday", "bank_holiday") values ('1987-04-17', 'Good Friday', 0);
insert into holidays ("date", "holiday", "bank_holiday") values ('1987-04-18', 'Holy Saturday', 0);
insert into holidays ("date", "holiday", "bank_holiday") values ('1987-04-19', 'Easter Sunday', 1);	
insert into holidays ("date", "holiday", "bank_holiday") values ('1987-04-20', 'Easter Monday', 1);
insert into holidays ("date", "holiday", "bank_holiday") values ('1987-06-07', 'Pentecost', 1);	
insert into holidays ("date", "holiday", "bank_holiday") values ('1987-06-18', 'Corpus Christi', 1);		

--1988
insert into holidays ("date", "holiday", "bank_holiday") values ('1988-01-01', 'New Year', 1);
insert into holidays ("date", "holiday", "bank_holiday") values ('1988-01-21', 'Grandmother''s Day', 0);
insert into holidays ("date", "holiday", "bank_holiday") values ('1988-01-22', 'Grandfather''s Day', 0);
insert into holidays ("date", "holiday", "bank_holiday") values ('1988-02-14', 'Valentine''s Day', 0);
--insert into holidays ("date", "holiday", "bank_holiday") values ('1988-04-01', 'April Fool''s Day', 0);
insert into holidays ("date", "holiday", "bank_holiday") values ('1988-05-01', 'Labour Day', 1);
insert into holidays ("date", "holiday", "bank_holiday") values ('1988-05-03', '3rd of May Constitution''s Day', 1);
insert into holidays ("date", "holiday", "bank_holiday") values ('1988-05-26', 'Mother''s Day', 0);
insert into holidays ("date", "holiday", "bank_holiday") values ('1988-06-01', 'Children''s Day', 0);
insert into holidays ("date", "holiday", "bank_holiday") values ('1988-06-23', 'Father''s Day', 0);
insert into holidays ("date", "holiday", "bank_holiday") values ('1988-08-15', 'Feast of the Assumption', 1);
insert into holidays ("date", "holiday", "bank_holiday") values ('1988-11-01', 'Feast of All Saints', 1);
insert into holidays ("date", "holiday", "bank_holiday") values ('1988-11-02', 'All Souls'' Day', 0);
insert into holidays ("date", "holiday", "bank_holiday") values ('1988-11-11', 'Independence Day', 1);
insert into holidays ("date", "holiday", "bank_holiday") values ('1988-11-30', 'Andrzejki', 0);
insert into holidays ("date", "holiday", "bank_holiday") values ('1988-12-24', 'Christmas Eve', 0);
insert into holidays ("date", "holiday", "bank_holiday") values ('1988-12-25', 'Christmas', 1);
insert into holidays ("date", "holiday", "bank_holiday") values ('1988-12-26', 'Second Day of Christmas', 1);
insert into holidays ("date", "holiday", "bank_holiday") values ('1988-12-31', 'New Year''s Eve', 0);

insert into holidays ("date", "holiday", "bank_holiday") values ('1988-03-31', 'Maundy Thursday', 0);
insert into holidays ("date", "holiday", "bank_holiday") values ('1988-04-01', 'Good Friday/April Fool''s Day', 0);
insert into holidays ("date", "holiday", "bank_holiday") values ('1988-04-02', 'Holy Saturday', 0);
insert into holidays ("date", "holiday", "bank_holiday") values ('1988-04-03', 'Easter Sunday', 1);	
insert into holidays ("date", "holiday", "bank_holiday") values ('1988-04-04', 'Easter Monday', 1);
insert into holidays ("date", "holiday", "bank_holiday") values ('1988-05-22', 'Pentecost', 1);	
insert into holidays ("date", "holiday", "bank_holiday") values ('1988-06-02', 'Corpus Christi', 1);		

--1989
insert into holidays ("date", "holiday", "bank_holiday") values ('1989-01-01', 'New Year', 1);
insert into holidays ("date", "holiday", "bank_holiday") values ('1989-01-21', 'Grandmother''s Day', 0);
insert into holidays ("date", "holiday", "bank_holiday") values ('1989-01-22', 'Grandfather''s Day', 0);
insert into holidays ("date", "holiday", "bank_holiday") values ('1989-02-14', 'Valentine''s Day', 0);
insert into holidays ("date", "holiday", "bank_holiday") values ('1989-04-01', 'April Fool''s Day', 0);
insert into holidays ("date", "holiday", "bank_holiday") values ('1989-05-01', 'Labour Day', 1);
insert into holidays ("date", "holiday", "bank_holiday") values ('1989-05-03', '3rd of May Constitution''s Day', 1);
insert into holidays ("date", "holiday", "bank_holiday") values ('1989-05-26', 'Mother''s Day', 0);
insert into holidays ("date", "holiday", "bank_holiday") values ('1989-06-01', 'Children''s Day', 0);
insert into holidays ("date", "holiday", "bank_holiday") values ('1989-06-23', 'Father''s Day', 0);
insert into holidays ("date", "holiday", "bank_holiday") values ('1989-08-15', 'Feast of the Assumption', 1);
insert into holidays ("date", "holiday", "bank_holiday") values ('1989-11-01', 'Feast of All Saints', 1);
insert into holidays ("date", "holiday", "bank_holiday") values ('1989-11-02', 'All Souls'' Day', 0);
insert into holidays ("date", "holiday", "bank_holiday") values ('1989-11-11', 'Independence Day', 1);
insert into holidays ("date", "holiday", "bank_holiday") values ('1989-11-30', 'Andrzejki', 0);
insert into holidays ("date", "holiday", "bank_holiday") values ('1989-12-24', 'Christmas Eve', 0);
insert into holidays ("date", "holiday", "bank_holiday") values ('1989-12-25', 'Christmas', 1);
insert into holidays ("date", "holiday", "bank_holiday") values ('1989-12-26', 'Second Day of Christmas', 1);
insert into holidays ("date", "holiday", "bank_holiday") values ('1989-12-31', 'New Year''s Eve', 0);

insert into holidays ("date", "holiday", "bank_holiday") values ('1989-03-23', 'Maundy Thursday', 0);
insert into holidays ("date", "holiday", "bank_holiday") values ('1989-03-24', 'Good Friday', 0);
insert into holidays ("date", "holiday", "bank_holiday") values ('1989-03-25', 'Holy Saturday', 0);
insert into holidays ("date", "holiday", "bank_holiday") values ('1989-03-26', 'Easter Sunday', 1);	
insert into holidays ("date", "holiday", "bank_holiday") values ('1989-03-27', 'Easter Monday', 1);
insert into holidays ("date", "holiday", "bank_holiday") values ('1989-05-14', 'Pentecost', 1);	
insert into holidays ("date", "holiday", "bank_holiday") values ('1989-05-25', 'Corpus Christi', 1);		

--1990
insert into holidays ("date", "holiday", "bank_holiday") values ('1990-01-01', 'New Year', 1);
insert into holidays ("date", "holiday", "bank_holiday") values ('1990-01-21', 'Grandmother''s Day', 0);
insert into holidays ("date", "holiday", "bank_holiday") values ('1990-01-22', 'Grandfather''s Day', 0);
insert into holidays ("date", "holiday", "bank_holiday") values ('1990-02-14', 'Valentine''s Day', 0);
insert into holidays ("date", "holiday", "bank_holiday") values ('1990-04-01', 'April Fool''s Day', 0);
insert into holidays ("date", "holiday", "bank_holiday") values ('1990-05-01', 'Labour Day', 1);
insert into holidays ("date", "holiday", "bank_holiday") values ('1990-05-03', '3rd of May Constitution''s Day', 1);
insert into holidays ("date", "holiday", "bank_holiday") values ('1990-05-26', 'Mother''s Day', 0);
insert into holidays ("date", "holiday", "bank_holiday") values ('1990-06-01', 'Children''s Day', 0);
insert into holidays ("date", "holiday", "bank_holiday") values ('1990-06-23', 'Father''s Day', 0);
insert into holidays ("date", "holiday", "bank_holiday") values ('1990-08-15', 'Feast of the Assumption', 1);
insert into holidays ("date", "holiday", "bank_holiday") values ('1990-11-01', 'Feast of All Saints', 1);
insert into holidays ("date", "holiday", "bank_holiday") values ('1990-11-02', 'All Souls'' Day', 0);
insert into holidays ("date", "holiday", "bank_holiday") values ('1990-11-11', 'Independence Day', 1);
insert into holidays ("date", "holiday", "bank_holiday") values ('1990-11-30', 'Andrzejki', 0);
insert into holidays ("date", "holiday", "bank_holiday") values ('1990-12-24', 'Christmas Eve', 0);
insert into holidays ("date", "holiday", "bank_holiday") values ('1990-12-25', 'Christmas', 1);
insert into holidays ("date", "holiday", "bank_holiday") values ('1990-12-26', 'Second Day of Christmas', 1);
insert into holidays ("date", "holiday", "bank_holiday") values ('1990-12-31', 'New Year''s Eve', 0);

insert into holidays ("date", "holiday", "bank_holiday") values ('1990-04-12', 'Maundy Thursday', 0);
insert into holidays ("date", "holiday", "bank_holiday") values ('1990-04-13', 'Good Friday', 0);
insert into holidays ("date", "holiday", "bank_holiday") values ('1990-04-14', 'Holy Saturday', 0);
insert into holidays ("date", "holiday", "bank_holiday") values ('1990-04-15', 'Easter Sunday', 1);	
insert into holidays ("date", "holiday", "bank_holiday") values ('1990-04-16', 'Easter Monday', 1);
insert into holidays ("date", "holiday", "bank_holiday") values ('1990-06-03', 'Pentecost', 1);	
insert into holidays ("date", "holiday", "bank_holiday") values ('1990-06-14', 'Corpus Christi', 1);		

--1991
insert into holidays ("date", "holiday", "bank_holiday") values ('1991-01-01', 'New Year', 1);
insert into holidays ("date", "holiday", "bank_holiday") values ('1991-01-21', 'Grandmother''s Day', 0);
insert into holidays ("date", "holiday", "bank_holiday") values ('1991-01-22', 'Grandfather''s Day', 0);
insert into holidays ("date", "holiday", "bank_holiday") values ('1991-02-14', 'Valentine''s Day', 0);
--insert into holidays ("date", "holiday", "bank_holiday") values ('1991-04-01', 'April Fool''s Day', 0);
insert into holidays ("date", "holiday", "bank_holiday") values ('1991-05-01', 'Labour Day', 1);
insert into holidays ("date", "holiday", "bank_holiday") values ('1991-05-03', '3rd of May Constitution''s Day', 1);
insert into holidays ("date", "holiday", "bank_holiday") values ('1991-05-26', 'Mother''s Day', 0);
insert into holidays ("date", "holiday", "bank_holiday") values ('1991-06-01', 'Children''s Day', 0);
insert into holidays ("date", "holiday", "bank_holiday") values ('1991-06-23', 'Father''s Day', 0);
insert into holidays ("date", "holiday", "bank_holiday") values ('1991-08-15', 'Feast of the Assumption', 1);
insert into holidays ("date", "holiday", "bank_holiday") values ('1991-11-01', 'Feast of All Saints', 1);
insert into holidays ("date", "holiday", "bank_holiday") values ('1991-11-02', 'All Souls'' Day', 0);
insert into holidays ("date", "holiday", "bank_holiday") values ('1991-11-11', 'Independence Day', 1);
insert into holidays ("date", "holiday", "bank_holiday") values ('1991-11-30', 'Andrzejki', 0);
insert into holidays ("date", "holiday", "bank_holiday") values ('1991-12-24', 'Christmas Eve', 0);
insert into holidays ("date", "holiday", "bank_holiday") values ('1991-12-25', 'Christmas', 1);
insert into holidays ("date", "holiday", "bank_holiday") values ('1991-12-26', 'Second Day of Christmas', 1);
insert into holidays ("date", "holiday", "bank_holiday") values ('1991-12-31', 'New Year''s Eve', 0);

insert into holidays ("date", "holiday", "bank_holiday") values ('1991-03-28', 'Maundy Thursday', 0);
insert into holidays ("date", "holiday", "bank_holiday") values ('1991-03-29', 'Good Friday', 0);
insert into holidays ("date", "holiday", "bank_holiday") values ('1991-03-30', 'Holy Saturday', 0);
insert into holidays ("date", "holiday", "bank_holiday") values ('1991-03-31', 'Easter Sunday', 1);	
insert into holidays ("date", "holiday", "bank_holiday") values ('1991-04-01', 'Easter Monday/April Fool''s Day', 1);
insert into holidays ("date", "holiday", "bank_holiday") values ('1991-05-19', 'Pentecost', 1);	
insert into holidays ("date", "holiday", "bank_holiday") values ('1991-05-30', 'Corpus Christi', 1);		

--1992
insert into holidays ("date", "holiday", "bank_holiday") values ('1992-01-01', 'New Year', 1);
insert into holidays ("date", "holiday", "bank_holiday") values ('1992-01-21', 'Grandmother''s Day', 0);
insert into holidays ("date", "holiday", "bank_holiday") values ('1992-01-22', 'Grandfather''s Day', 0);
insert into holidays ("date", "holiday", "bank_holiday") values ('1992-02-14', 'Valentine''s Day', 0);
insert into holidays ("date", "holiday", "bank_holiday") values ('1992-04-01', 'April Fool''s Day', 0);
insert into holidays ("date", "holiday", "bank_holiday") values ('1992-05-01', 'Labour Day', 1);
insert into holidays ("date", "holiday", "bank_holiday") values ('1992-05-03', '3rd of May Constitution''s Day', 1);
insert into holidays ("date", "holiday", "bank_holiday") values ('1992-05-26', 'Mother''s Day', 0);
insert into holidays ("date", "holiday", "bank_holiday") values ('1992-06-01', 'Children''s Day', 0);
insert into holidays ("date", "holiday", "bank_holiday") values ('1992-06-23', 'Father''s Day', 0);
insert into holidays ("date", "holiday", "bank_holiday") values ('1992-08-15', 'Feast of the Assumption', 1);
insert into holidays ("date", "holiday", "bank_holiday") values ('1992-11-01', 'Feast of All Saints', 1);
insert into holidays ("date", "holiday", "bank_holiday") values ('1992-11-02', 'All Souls'' Day', 0);
insert into holidays ("date", "holiday", "bank_holiday") values ('1992-11-11', 'Independence Day', 1);
insert into holidays ("date", "holiday", "bank_holiday") values ('1992-11-30', 'Andrzejki', 0);
insert into holidays ("date", "holiday", "bank_holiday") values ('1992-12-24', 'Christmas Eve', 0);
insert into holidays ("date", "holiday", "bank_holiday") values ('1992-12-25', 'Christmas', 1);
insert into holidays ("date", "holiday", "bank_holiday") values ('1992-12-26', 'Second Day of Christmas', 1);
insert into holidays ("date", "holiday", "bank_holiday") values ('1992-12-31', 'New Year''s Eve', 0);

insert into holidays ("date", "holiday", "bank_holiday") values ('1992-04-16', 'Maundy Thursday', 0);
insert into holidays ("date", "holiday", "bank_holiday") values ('1992-04-17', 'Good Friday', 0);
insert into holidays ("date", "holiday", "bank_holiday") values ('1992-04-18', 'Holy Saturday', 0);
insert into holidays ("date", "holiday", "bank_holiday") values ('1992-04-19', 'Easter Sunday', 1);	
insert into holidays ("date", "holiday", "bank_holiday") values ('1992-04-20', 'Easter Monday', 1);
insert into holidays ("date", "holiday", "bank_holiday") values ('1992-06-07', 'Pentecost', 1);	
insert into holidays ("date", "holiday", "bank_holiday") values ('1992-06-18', 'Corpus Christi', 1);		

--1993
insert into holidays ("date", "holiday", "bank_holiday") values ('1993-01-01', 'New Year', 1);
insert into holidays ("date", "holiday", "bank_holiday") values ('1993-01-21', 'Grandmother''s Day', 0);
insert into holidays ("date", "holiday", "bank_holiday") values ('1993-01-22', 'Grandfather''s Day', 0);
insert into holidays ("date", "holiday", "bank_holiday") values ('1993-02-14', 'Valentine''s Day', 0);
insert into holidays ("date", "holiday", "bank_holiday") values ('1993-04-01', 'April Fool''s Day', 0);
insert into holidays ("date", "holiday", "bank_holiday") values ('1993-05-01', 'Labour Day', 1);
insert into holidays ("date", "holiday", "bank_holiday") values ('1993-05-03', '3rd of May Constitution''s Day', 1);
insert into holidays ("date", "holiday", "bank_holiday") values ('1993-05-26', 'Mother''s Day', 0);
insert into holidays ("date", "holiday", "bank_holiday") values ('1993-06-01', 'Children''s Day', 0);
insert into holidays ("date", "holiday", "bank_holiday") values ('1993-06-23', 'Father''s Day', 0);
insert into holidays ("date", "holiday", "bank_holiday") values ('1993-08-15', 'Feast of the Assumption', 1);
insert into holidays ("date", "holiday", "bank_holiday") values ('1993-11-01', 'Feast of All Saints', 1);
insert into holidays ("date", "holiday", "bank_holiday") values ('1993-11-02', 'All Souls'' Day', 0);
insert into holidays ("date", "holiday", "bank_holiday") values ('1993-11-11', 'Independence Day', 1);
insert into holidays ("date", "holiday", "bank_holiday") values ('1993-11-30', 'Andrzejki', 0);
insert into holidays ("date", "holiday", "bank_holiday") values ('1993-12-24', 'Christmas Eve', 0);
insert into holidays ("date", "holiday", "bank_holiday") values ('1993-12-25', 'Christmas', 1);
insert into holidays ("date", "holiday", "bank_holiday") values ('1993-12-26', 'Second Day of Christmas', 1);
insert into holidays ("date", "holiday", "bank_holiday") values ('1993-12-31', 'New Year''s Eve', 0);

insert into holidays ("date", "holiday", "bank_holiday") values ('1993-04-08', 'Maundy Thursday', 0);
insert into holidays ("date", "holiday", "bank_holiday") values ('1993-04-09', 'Good Friday', 0);
insert into holidays ("date", "holiday", "bank_holiday") values ('1993-04-10', 'Holy Saturday', 0);
insert into holidays ("date", "holiday", "bank_holiday") values ('1993-04-11', 'Easter Sunday', 1);	
insert into holidays ("date", "holiday", "bank_holiday") values ('1993-04-12', 'Easter Monday', 1);
insert into holidays ("date", "holiday", "bank_holiday") values ('1993-05-30', 'Pentecost', 1);	
insert into holidays ("date", "holiday", "bank_holiday") values ('1993-06-10', 'Corpus Christi', 1);		

--1994
insert into holidays ("date", "holiday", "bank_holiday") values ('1994-01-01', 'New Year', 1);
insert into holidays ("date", "holiday", "bank_holiday") values ('1994-01-21', 'Grandmother''s Day', 0);
insert into holidays ("date", "holiday", "bank_holiday") values ('1994-01-22', 'Grandfather''s Day', 0);
insert into holidays ("date", "holiday", "bank_holiday") values ('1994-02-14', 'Valentine''s Day', 0);
--insert into holidays ("date", "holiday", "bank_holiday") values ('1994-04-01', 'April Fool''s Day', 0);
insert into holidays ("date", "holiday", "bank_holiday") values ('1994-05-01', 'Labour Day', 1);
insert into holidays ("date", "holiday", "bank_holiday") values ('1994-05-03', '3rd of May Constitution''s Day', 1);
insert into holidays ("date", "holiday", "bank_holiday") values ('1994-05-26', 'Mother''s Day', 0);
insert into holidays ("date", "holiday", "bank_holiday") values ('1994-06-01', 'Children''s Day', 0);
insert into holidays ("date", "holiday", "bank_holiday") values ('1994-06-23', 'Father''s Day', 0);
insert into holidays ("date", "holiday", "bank_holiday") values ('1994-08-15', 'Feast of the Assumption', 1);
insert into holidays ("date", "holiday", "bank_holiday") values ('1994-11-01', 'Feast of All Saints', 1);
insert into holidays ("date", "holiday", "bank_holiday") values ('1994-11-02', 'All Souls'' Day', 0);
insert into holidays ("date", "holiday", "bank_holiday") values ('1994-11-11', 'Independence Day', 1);
insert into holidays ("date", "holiday", "bank_holiday") values ('1994-11-30', 'Andrzejki', 0);
insert into holidays ("date", "holiday", "bank_holiday") values ('1994-12-24', 'Christmas Eve', 0);
insert into holidays ("date", "holiday", "bank_holiday") values ('1994-12-25', 'Christmas', 1);
insert into holidays ("date", "holiday", "bank_holiday") values ('1994-12-26', 'Second Day of Christmas', 1);
insert into holidays ("date", "holiday", "bank_holiday") values ('1994-12-31', 'New Year''s Eve', 0);

insert into holidays ("date", "holiday", "bank_holiday") values ('1994-03-31', 'Maundy Thursday', 0);
insert into holidays ("date", "holiday", "bank_holiday") values ('1994-04-01', 'Good Friday/April Fool''s Day', 0);
insert into holidays ("date", "holiday", "bank_holiday") values ('1994-04-02', 'Holy Saturday', 0);
insert into holidays ("date", "holiday", "bank_holiday") values ('1994-04-03', 'Easter Sunday', 1);	
insert into holidays ("date", "holiday", "bank_holiday") values ('1994-04-04', 'Easter Monday', 1);
insert into holidays ("date", "holiday", "bank_holiday") values ('1994-05-22', 'Pentecost', 1);	
insert into holidays ("date", "holiday", "bank_holiday") values ('1994-06-02', 'Corpus Christi', 1);		

--1995
insert into holidays ("date", "holiday", "bank_holiday") values ('1995-01-01', 'New Year', 1);
insert into holidays ("date", "holiday", "bank_holiday") values ('1995-01-21', 'Grandmother''s Day', 0);
insert into holidays ("date", "holiday", "bank_holiday") values ('1995-01-22', 'Grandfather''s Day', 0);
insert into holidays ("date", "holiday", "bank_holiday") values ('1995-02-14', 'Valentine''s Day', 0);
insert into holidays ("date", "holiday", "bank_holiday") values ('1995-04-01', 'April Fool''s Day', 0);
insert into holidays ("date", "holiday", "bank_holiday") values ('1995-05-01', 'Labour Day', 1);
insert into holidays ("date", "holiday", "bank_holiday") values ('1995-05-03', '3rd of May Constitution''s Day', 1);
insert into holidays ("date", "holiday", "bank_holiday") values ('1995-05-26', 'Mother''s Day', 0);
insert into holidays ("date", "holiday", "bank_holiday") values ('1995-06-01', 'Children''s Day', 0);
insert into holidays ("date", "holiday", "bank_holiday") values ('1995-06-23', 'Father''s Day', 0);
insert into holidays ("date", "holiday", "bank_holiday") values ('1995-08-15', 'Feast of the Assumption', 1);
insert into holidays ("date", "holiday", "bank_holiday") values ('1995-11-01', 'Feast of All Saints', 1);
insert into holidays ("date", "holiday", "bank_holiday") values ('1995-11-02', 'All Souls'' Day', 0);
insert into holidays ("date", "holiday", "bank_holiday") values ('1995-11-11', 'Independence Day', 1);
insert into holidays ("date", "holiday", "bank_holiday") values ('1995-11-30', 'Andrzejki', 0);
insert into holidays ("date", "holiday", "bank_holiday") values ('1995-12-24', 'Christmas Eve', 0);
insert into holidays ("date", "holiday", "bank_holiday") values ('1995-12-25', 'Christmas', 1);
insert into holidays ("date", "holiday", "bank_holiday") values ('1995-12-26', 'Second Day of Christmas', 1);
insert into holidays ("date", "holiday", "bank_holiday") values ('1995-12-31', 'New Year''s Eve', 0);

insert into holidays ("date", "holiday", "bank_holiday") values ('1995-04-13', 'Maundy Thursday', 0);
insert into holidays ("date", "holiday", "bank_holiday") values ('1995-04-14', 'Good Friday', 0);
insert into holidays ("date", "holiday", "bank_holiday") values ('1995-04-15', 'Holy Saturday', 0);
insert into holidays ("date", "holiday", "bank_holiday") values ('1995-04-16', 'Easter Sunday', 1);	
insert into holidays ("date", "holiday", "bank_holiday") values ('1995-04-17', 'Easter Monday', 1);
insert into holidays ("date", "holiday", "bank_holiday") values ('1995-06-04', 'Pentecost', 1);	
insert into holidays ("date", "holiday", "bank_holiday") values ('1995-06-15', 'Corpus Christi', 1);		

--1996
insert into holidays ("date", "holiday", "bank_holiday") values ('1996-01-01', 'New Year', 1);
insert into holidays ("date", "holiday", "bank_holiday") values ('1996-01-21', 'Grandmother''s Day', 0);
insert into holidays ("date", "holiday", "bank_holiday") values ('1996-01-22', 'Grandfather''s Day', 0);
insert into holidays ("date", "holiday", "bank_holiday") values ('1996-02-14', 'Valentine''s Day', 0);
insert into holidays ("date", "holiday", "bank_holiday") values ('1996-04-01', 'April Fool''s Day', 0);
insert into holidays ("date", "holiday", "bank_holiday") values ('1996-05-01', 'Labour Day', 1);
insert into holidays ("date", "holiday", "bank_holiday") values ('1996-05-03', '3rd of May Constitution''s Day', 1);
--insert into holidays ("date", "holiday", "bank_holiday") values ('1996-05-26', 'Mother''s Day', 0);
insert into holidays ("date", "holiday", "bank_holiday") values ('1996-06-01', 'Children''s Day', 0);
insert into holidays ("date", "holiday", "bank_holiday") values ('1996-06-23', 'Father''s Day', 0);
insert into holidays ("date", "holiday", "bank_holiday") values ('1996-08-15', 'Feast of the Assumption', 1);
insert into holidays ("date", "holiday", "bank_holiday") values ('1996-11-01', 'Feast of All Saints', 1);
insert into holidays ("date", "holiday", "bank_holiday") values ('1996-11-02', 'All Souls'' Day', 0);
insert into holidays ("date", "holiday", "bank_holiday") values ('1996-11-11', 'Independence Day', 1);
insert into holidays ("date", "holiday", "bank_holiday") values ('1996-11-30', 'Andrzejki', 0);
insert into holidays ("date", "holiday", "bank_holiday") values ('1996-12-24', 'Christmas Eve', 0);
insert into holidays ("date", "holiday", "bank_holiday") values ('1996-12-25', 'Christmas', 1);
insert into holidays ("date", "holiday", "bank_holiday") values ('1996-12-26', 'Second Day of Christmas', 1);
insert into holidays ("date", "holiday", "bank_holiday") values ('1996-12-31', 'New Year''s Eve', 0);

insert into holidays ("date", "holiday", "bank_holiday") values ('1996-04-04', 'Maundy Thursday', 0);
insert into holidays ("date", "holiday", "bank_holiday") values ('1996-04-05', 'Good Friday', 0);
insert into holidays ("date", "holiday", "bank_holiday") values ('1996-04-06', 'Holy Saturday', 0);
insert into holidays ("date", "holiday", "bank_holiday") values ('1996-04-07', 'Easter Sunday', 1);	
insert into holidays ("date", "holiday", "bank_holiday") values ('1996-04-08', 'Easter Monday', 1);
insert into holidays ("date", "holiday", "bank_holiday") values ('1996-05-26', 'Pentecost/Mother''s Day', 1);	
insert into holidays ("date", "holiday", "bank_holiday") values ('1996-06-06', 'Corpus Christi', 1);		

--1997
insert into holidays ("date", "holiday", "bank_holiday") values ('1997-01-01', 'New Year', 1);
insert into holidays ("date", "holiday", "bank_holiday") values ('1997-01-21', 'Grandmother''s Day', 0);
insert into holidays ("date", "holiday", "bank_holiday") values ('1997-01-22', 'Grandfather''s Day', 0);
insert into holidays ("date", "holiday", "bank_holiday") values ('1997-02-14', 'Valentine''s Day', 0);
insert into holidays ("date", "holiday", "bank_holiday") values ('1997-04-01', 'April Fool''s Day', 0);
insert into holidays ("date", "holiday", "bank_holiday") values ('1997-05-01', 'Labour Day', 1);
insert into holidays ("date", "holiday", "bank_holiday") values ('1997-05-03', '3rd of May Constitution''s Day', 1);
insert into holidays ("date", "holiday", "bank_holiday") values ('1997-05-26', 'Mother''s Day', 0);
insert into holidays ("date", "holiday", "bank_holiday") values ('1997-06-01', 'Children''s Day', 0);
insert into holidays ("date", "holiday", "bank_holiday") values ('1997-06-23', 'Father''s Day', 0);
insert into holidays ("date", "holiday", "bank_holiday") values ('1997-08-15', 'Feast of the Assumption', 1);
insert into holidays ("date", "holiday", "bank_holiday") values ('1997-11-01', 'Feast of All Saints', 1);
insert into holidays ("date", "holiday", "bank_holiday") values ('1997-11-02', 'All Souls'' Day', 0);
insert into holidays ("date", "holiday", "bank_holiday") values ('1997-11-11', 'Independence Day', 1);
insert into holidays ("date", "holiday", "bank_holiday") values ('1997-11-30', 'Andrzejki', 0);
insert into holidays ("date", "holiday", "bank_holiday") values ('1997-12-24', 'Christmas Eve', 0);
insert into holidays ("date", "holiday", "bank_holiday") values ('1997-12-25', 'Christmas', 1);
insert into holidays ("date", "holiday", "bank_holiday") values ('1997-12-26', 'Second Day of Christmas', 1);
insert into holidays ("date", "holiday", "bank_holiday") values ('1997-12-31', 'New Year''s Eve', 0);

insert into holidays ("date", "holiday", "bank_holiday") values ('1997-03-27', 'Maundy Thursday', 0);
insert into holidays ("date", "holiday", "bank_holiday") values ('1997-03-28', 'Good Friday', 0);
insert into holidays ("date", "holiday", "bank_holiday") values ('1997-03-29', 'Holy Saturday', 0);
insert into holidays ("date", "holiday", "bank_holiday") values ('1997-03-30', 'Easter Sunday', 1);	
insert into holidays ("date", "holiday", "bank_holiday") values ('1997-03-31', 'Easter Monday', 1);
insert into holidays ("date", "holiday", "bank_holiday") values ('1997-05-18', 'Pentecost', 1);	
insert into holidays ("date", "holiday", "bank_holiday") values ('1997-05-29', 'Corpus Christi', 1);		

--1998
insert into holidays ("date", "holiday", "bank_holiday") values ('1998-01-01', 'New Year', 1);
insert into holidays ("date", "holiday", "bank_holiday") values ('1998-01-21', 'Grandmother''s Day', 0);
insert into holidays ("date", "holiday", "bank_holiday") values ('1998-01-22', 'Grandfather''s Day', 0);
insert into holidays ("date", "holiday", "bank_holiday") values ('1998-02-14', 'Valentine''s Day', 0);
insert into holidays ("date", "holiday", "bank_holiday") values ('1998-04-01', 'April Fool''s Day', 0);
insert into holidays ("date", "holiday", "bank_holiday") values ('1998-05-01', 'Labour Day', 1);
insert into holidays ("date", "holiday", "bank_holiday") values ('1998-05-03', '3rd of May Constitution''s Day', 1);
insert into holidays ("date", "holiday", "bank_holiday") values ('1998-05-26', 'Mother''s Day', 0);
insert into holidays ("date", "holiday", "bank_holiday") values ('1998-06-01', 'Children''s Day', 0);
insert into holidays ("date", "holiday", "bank_holiday") values ('1998-06-23', 'Father''s Day', 0);
insert into holidays ("date", "holiday", "bank_holiday") values ('1998-08-15', 'Feast of the Assumption', 1);
insert into holidays ("date", "holiday", "bank_holiday") values ('1998-11-01', 'Feast of All Saints', 1);
insert into holidays ("date", "holiday", "bank_holiday") values ('1998-11-02', 'All Souls'' Day', 0);
insert into holidays ("date", "holiday", "bank_holiday") values ('1998-11-11', 'Independence Day', 1);
insert into holidays ("date", "holiday", "bank_holiday") values ('1998-11-30', 'Andrzejki', 0);
insert into holidays ("date", "holiday", "bank_holiday") values ('1998-12-24', 'Christmas Eve', 0);
insert into holidays ("date", "holiday", "bank_holiday") values ('1998-12-25', 'Christmas', 1);
insert into holidays ("date", "holiday", "bank_holiday") values ('1998-12-26', 'Second Day of Christmas', 1);
insert into holidays ("date", "holiday", "bank_holiday") values ('1998-12-31', 'New Year''s Eve', 0);

insert into holidays ("date", "holiday", "bank_holiday") values ('1998-04-09', 'Maundy Thursday', 0);
insert into holidays ("date", "holiday", "bank_holiday") values ('1998-04-10', 'Good Friday', 0);
insert into holidays ("date", "holiday", "bank_holiday") values ('1998-04-11', 'Holy Saturday', 0);
insert into holidays ("date", "holiday", "bank_holiday") values ('1998-04-12', 'Easter Sunday', 1);	
insert into holidays ("date", "holiday", "bank_holiday") values ('1998-04-13', 'Easter Monday', 1);
insert into holidays ("date", "holiday", "bank_holiday") values ('1998-05-31', 'Pentecost', 1);	
insert into holidays ("date", "holiday", "bank_holiday") values ('1998-06-11', 'Corpus Christi', 1);		

--1999
insert into holidays ("date", "holiday", "bank_holiday") values ('1999-01-01', 'New Year', 1);
insert into holidays ("date", "holiday", "bank_holiday") values ('1999-01-21', 'Grandmother''s Day', 0);
insert into holidays ("date", "holiday", "bank_holiday") values ('1999-01-22', 'Grandfather''s Day', 0);
insert into holidays ("date", "holiday", "bank_holiday") values ('1999-02-14', 'Valentine''s Day', 0);
--insert into holidays ("date", "holiday", "bank_holiday") values ('1999-04-01', 'April Fool''s Day', 0);
insert into holidays ("date", "holiday", "bank_holiday") values ('1999-05-01', 'Labour Day', 1);
insert into holidays ("date", "holiday", "bank_holiday") values ('1999-05-03', '3rd of May Constitution''s Day', 1);
insert into holidays ("date", "holiday", "bank_holiday") values ('1999-05-26', 'Mother''s Day', 0);
insert into holidays ("date", "holiday", "bank_holiday") values ('1999-06-01', 'Children''s Day', 0);
insert into holidays ("date", "holiday", "bank_holiday") values ('1999-06-23', 'Father''s Day', 0);
insert into holidays ("date", "holiday", "bank_holiday") values ('1999-08-15', 'Feast of the Assumption', 1);
insert into holidays ("date", "holiday", "bank_holiday") values ('1999-11-01', 'Feast of All Saints', 1);
insert into holidays ("date", "holiday", "bank_holiday") values ('1999-11-02', 'All Souls'' Day', 0);
insert into holidays ("date", "holiday", "bank_holiday") values ('1999-11-11', 'Independence Day', 1);
insert into holidays ("date", "holiday", "bank_holiday") values ('1999-11-30', 'Andrzejki', 0);
insert into holidays ("date", "holiday", "bank_holiday") values ('1999-12-24', 'Christmas Eve', 0);
insert into holidays ("date", "holiday", "bank_holiday") values ('1999-12-25', 'Christmas', 1);
insert into holidays ("date", "holiday", "bank_holiday") values ('1999-12-26', 'Second Day of Christmas', 1);
insert into holidays ("date", "holiday", "bank_holiday") values ('1999-12-31', 'New Year''s Eve', 0);

insert into holidays ("date", "holiday", "bank_holiday") values ('1999-04-01', 'Maundy Thursday/April Fool''s Day', 0);
insert into holidays ("date", "holiday", "bank_holiday") values ('1999-04-02', 'Good Friday', 0);
insert into holidays ("date", "holiday", "bank_holiday") values ('1999-04-03', 'Holy Saturday', 0);
insert into holidays ("date", "holiday", "bank_holiday") values ('1999-04-04', 'Easter Sunday', 1);	
insert into holidays ("date", "holiday", "bank_holiday") values ('1999-04-05', 'Easter Monday', 1);
insert into holidays ("date", "holiday", "bank_holiday") values ('1999-05-23', 'Pentecost', 1);	
insert into holidays ("date", "holiday", "bank_holiday") values ('1999-06-03', 'Corpus Christi', 1);		

--2000
insert into holidays ("date", "holiday", "bank_holiday") values ('2000-01-01', 'New Year', 1);
insert into holidays ("date", "holiday", "bank_holiday") values ('2000-01-21', 'Grandmother''s Day', 0);
insert into holidays ("date", "holiday", "bank_holiday") values ('2000-01-22', 'Grandfather''s Day', 0);
insert into holidays ("date", "holiday", "bank_holiday") values ('2000-02-14', 'Valentine''s Day', 0);
insert into holidays ("date", "holiday", "bank_holiday") values ('2000-04-01', 'April Fool''s Day', 0);
insert into holidays ("date", "holiday", "bank_holiday") values ('2000-05-01', 'Labour Day', 1);
insert into holidays ("date", "holiday", "bank_holiday") values ('2000-05-03', '3rd of May Constitution''s Day', 1);
insert into holidays ("date", "holiday", "bank_holiday") values ('2000-05-26', 'Mother''s Day', 0);
insert into holidays ("date", "holiday", "bank_holiday") values ('2000-06-01', 'Children''s Day', 0);
insert into holidays ("date", "holiday", "bank_holiday") values ('2000-06-23', 'Father''s Day', 0);
insert into holidays ("date", "holiday", "bank_holiday") values ('2000-08-15', 'Feast of the Assumption', 1);
insert into holidays ("date", "holiday", "bank_holiday") values ('2000-11-01', 'Feast of All Saints', 1);
insert into holidays ("date", "holiday", "bank_holiday") values ('2000-11-02', 'All Souls'' Day', 0);
insert into holidays ("date", "holiday", "bank_holiday") values ('2000-11-11', 'Independence Day', 1);
insert into holidays ("date", "holiday", "bank_holiday") values ('2000-11-30', 'Andrzejki', 0);
insert into holidays ("date", "holiday", "bank_holiday") values ('2000-12-24', 'Christmas Eve', 0);
insert into holidays ("date", "holiday", "bank_holiday") values ('2000-12-25', 'Christmas', 1);
insert into holidays ("date", "holiday", "bank_holiday") values ('2000-12-26', 'Second Day of Christmas', 1);
insert into holidays ("date", "holiday", "bank_holiday") values ('2000-12-31', 'New Year''s Eve', 0);

insert into holidays ("date", "holiday", "bank_holiday") values ('2000-04-20', 'Maundy Thursday', 0);
insert into holidays ("date", "holiday", "bank_holiday") values ('2000-04-21', 'Good Friday', 0);
insert into holidays ("date", "holiday", "bank_holiday") values ('2000-04-22', 'Holy Saturday', 0);
insert into holidays ("date", "holiday", "bank_holiday") values ('2000-04-23', 'Easter Sunday', 1);	
insert into holidays ("date", "holiday", "bank_holiday") values ('2000-04-24', 'Easter Monday', 1);
insert into holidays ("date", "holiday", "bank_holiday") values ('2000-06-11', 'Pentecost', 1);	
insert into holidays ("date", "holiday", "bank_holiday") values ('2000-06-22', 'Corpus Christi', 1);		

--2001
insert into holidays ("date", "holiday", "bank_holiday") values ('2001-01-01', 'New Year', 1);
insert into holidays ("date", "holiday", "bank_holiday") values ('2001-01-21', 'Grandmother''s Day', 0);
insert into holidays ("date", "holiday", "bank_holiday") values ('2001-01-22', 'Grandfather''s Day', 0);
insert into holidays ("date", "holiday", "bank_holiday") values ('2001-02-14', 'Valentine''s Day', 0);
insert into holidays ("date", "holiday", "bank_holiday") values ('2001-04-01', 'April Fool''s Day', 0);
insert into holidays ("date", "holiday", "bank_holiday") values ('2001-05-01', 'Labour Day', 1);
insert into holidays ("date", "holiday", "bank_holiday") values ('2001-05-03', '3rd of May Constitution''s Day', 1);
insert into holidays ("date", "holiday", "bank_holiday") values ('2001-05-26', 'Mother''s Day', 0);
insert into holidays ("date", "holiday", "bank_holiday") values ('2001-06-01', 'Children''s Day', 0);
insert into holidays ("date", "holiday", "bank_holiday") values ('2001-06-23', 'Father''s Day', 0);
insert into holidays ("date", "holiday", "bank_holiday") values ('2001-08-15', 'Feast of the Assumption', 1);
insert into holidays ("date", "holiday", "bank_holiday") values ('2001-11-01', 'Feast of All Saints', 1);
insert into holidays ("date", "holiday", "bank_holiday") values ('2001-11-02', 'All Souls'' Day', 0);
insert into holidays ("date", "holiday", "bank_holiday") values ('2001-11-11', 'Independence Day', 1);
insert into holidays ("date", "holiday", "bank_holiday") values ('2001-11-30', 'Andrzejki', 0);
insert into holidays ("date", "holiday", "bank_holiday") values ('2001-12-24', 'Christmas Eve', 0);
insert into holidays ("date", "holiday", "bank_holiday") values ('2001-12-25', 'Christmas', 1);
insert into holidays ("date", "holiday", "bank_holiday") values ('2001-12-26', 'Second Day of Christmas', 1);
insert into holidays ("date", "holiday", "bank_holiday") values ('2001-12-31', 'New Year''s Eve', 0);

insert into holidays ("date", "holiday", "bank_holiday") values ('2001-04-12', 'Maundy Thursday', 0);
insert into holidays ("date", "holiday", "bank_holiday") values ('2001-04-13', 'Good Friday', 0);
insert into holidays ("date", "holiday", "bank_holiday") values ('2001-04-14', 'Holy Saturday', 0);
insert into holidays ("date", "holiday", "bank_holiday") values ('2001-04-15', 'Easter Sunday', 1);	
insert into holidays ("date", "holiday", "bank_holiday") values ('2001-04-16', 'Easter Monday', 1);
insert into holidays ("date", "holiday", "bank_holiday") values ('2001-06-03', 'Pentecost', 1);	
insert into holidays ("date", "holiday", "bank_holiday") values ('2001-06-14', 'Corpus Christi', 1);		

--2002
insert into holidays ("date", "holiday", "bank_holiday") values ('2002-01-01', 'New Year', 1);
insert into holidays ("date", "holiday", "bank_holiday") values ('2002-01-21', 'Grandmother''s Day', 0);
insert into holidays ("date", "holiday", "bank_holiday") values ('2002-01-22', 'Grandfather''s Day', 0);
insert into holidays ("date", "holiday", "bank_holiday") values ('2002-02-14', 'Valentine''s Day', 0);
--insert into holidays ("date", "holiday", "bank_holiday") values ('2002-04-01', 'April Fool''s Day', 0);
insert into holidays ("date", "holiday", "bank_holiday") values ('2002-05-01', 'Labour Day', 1);
insert into holidays ("date", "holiday", "bank_holiday") values ('2002-05-03', '3rd of May Constitution''s Day', 1);
insert into holidays ("date", "holiday", "bank_holiday") values ('2002-05-26', 'Mother''s Day', 0);
insert into holidays ("date", "holiday", "bank_holiday") values ('2002-06-01', 'Children''s Day', 0);
insert into holidays ("date", "holiday", "bank_holiday") values ('2002-06-23', 'Father''s Day', 0);
insert into holidays ("date", "holiday", "bank_holiday") values ('2002-08-15', 'Feast of the Assumption', 1);
insert into holidays ("date", "holiday", "bank_holiday") values ('2002-11-01', 'Feast of All Saints', 1);
insert into holidays ("date", "holiday", "bank_holiday") values ('2002-11-02', 'All Souls'' Day', 0);
insert into holidays ("date", "holiday", "bank_holiday") values ('2002-11-11', 'Independence Day', 1);
insert into holidays ("date", "holiday", "bank_holiday") values ('2002-11-30', 'Andrzejki', 0);
insert into holidays ("date", "holiday", "bank_holiday") values ('2002-12-24', 'Christmas Eve', 0);
insert into holidays ("date", "holiday", "bank_holiday") values ('2002-12-25', 'Christmas', 1);
insert into holidays ("date", "holiday", "bank_holiday") values ('2002-12-26', 'Second Day of Christmas', 1);
insert into holidays ("date", "holiday", "bank_holiday") values ('2002-12-31', 'New Year''s Eve', 0);

insert into holidays ("date", "holiday", "bank_holiday") values ('2002-03-28', 'Maundy Thursday', 0);
insert into holidays ("date", "holiday", "bank_holiday") values ('2002-03-29', 'Good Friday', 0);
insert into holidays ("date", "holiday", "bank_holiday") values ('2002-03-30', 'Holy Saturday', 0);
insert into holidays ("date", "holiday", "bank_holiday") values ('2002-03-31', 'Easter Sunday', 1);	
insert into holidays ("date", "holiday", "bank_holiday") values ('2002-04-01', 'Easter Monday/April Fool''s Day', 1);
insert into holidays ("date", "holiday", "bank_holiday") values ('2002-05-19', 'Pentecost', 1);	
insert into holidays ("date", "holiday", "bank_holiday") values ('2002-05-30', 'Corpus Christi', 1);		

--2003
insert into holidays ("date", "holiday", "bank_holiday") values ('2003-01-01', 'New Year', 1);
insert into holidays ("date", "holiday", "bank_holiday") values ('2003-01-21', 'Grandmother''s Day', 0);
insert into holidays ("date", "holiday", "bank_holiday") values ('2003-01-22', 'Grandfather''s Day', 0);
insert into holidays ("date", "holiday", "bank_holiday") values ('2003-02-14', 'Valentine''s Day', 0);
insert into holidays ("date", "holiday", "bank_holiday") values ('2003-04-01', 'April Fool''s Day', 0);
insert into holidays ("date", "holiday", "bank_holiday") values ('2003-05-01', 'Labour Day', 1);
insert into holidays ("date", "holiday", "bank_holiday") values ('2003-05-03', '3rd of May Constitution''s Day', 1);
insert into holidays ("date", "holiday", "bank_holiday") values ('2003-05-26', 'Mother''s Day', 0);
insert into holidays ("date", "holiday", "bank_holiday") values ('2003-06-01', 'Children''s Day', 0);
insert into holidays ("date", "holiday", "bank_holiday") values ('2003-06-23', 'Father''s Day', 0);
insert into holidays ("date", "holiday", "bank_holiday") values ('2003-08-15', 'Feast of the Assumption', 1);
insert into holidays ("date", "holiday", "bank_holiday") values ('2003-11-01', 'Feast of All Saints', 1);
insert into holidays ("date", "holiday", "bank_holiday") values ('2003-11-02', 'All Souls'' Day', 0);
insert into holidays ("date", "holiday", "bank_holiday") values ('2003-11-11', 'Independence Day', 1);
insert into holidays ("date", "holiday", "bank_holiday") values ('2003-11-30', 'Andrzejki', 0);
insert into holidays ("date", "holiday", "bank_holiday") values ('2003-12-24', 'Christmas Eve', 0);
insert into holidays ("date", "holiday", "bank_holiday") values ('2003-12-25', 'Christmas', 1);
insert into holidays ("date", "holiday", "bank_holiday") values ('2003-12-26', 'Second Day of Christmas', 1);
insert into holidays ("date", "holiday", "bank_holiday") values ('2003-12-31', 'New Year''s Eve', 0);

insert into holidays ("date", "holiday", "bank_holiday") values ('2003-04-17', 'Maundy Thursday', 0);
insert into holidays ("date", "holiday", "bank_holiday") values ('2003-04-18', 'Good Friday', 0);
insert into holidays ("date", "holiday", "bank_holiday") values ('2003-04-19', 'Holy Saturday', 0);
insert into holidays ("date", "holiday", "bank_holiday") values ('2003-04-20', 'Easter Sunday', 1);	
insert into holidays ("date", "holiday", "bank_holiday") values ('2003-04-21', 'Easter Monday', 1);
insert into holidays ("date", "holiday", "bank_holiday") values ('2003-06-08', 'Pentecost', 1);	
insert into holidays ("date", "holiday", "bank_holiday") values ('2003-06-19', 'Corpus Christi', 1);		

--2004
insert into holidays ("date", "holiday", "bank_holiday") values ('2004-01-01', 'New Year', 1);
insert into holidays ("date", "holiday", "bank_holiday") values ('2004-01-21', 'Grandmother''s Day', 0);
insert into holidays ("date", "holiday", "bank_holiday") values ('2004-01-22', 'Grandfather''s Day', 0);
insert into holidays ("date", "holiday", "bank_holiday") values ('2004-02-14', 'Valentine''s Day', 0);
insert into holidays ("date", "holiday", "bank_holiday") values ('2004-04-01', 'April Fool''s Day', 0);
insert into holidays ("date", "holiday", "bank_holiday") values ('2004-05-01', 'Labour Day', 1);
insert into holidays ("date", "holiday", "bank_holiday") values ('2004-05-02', 'Flag Day', 0);	--since 2004
insert into holidays ("date", "holiday", "bank_holiday") values ('2004-05-03', '3rd of May Constitution''s Day', 1);
insert into holidays ("date", "holiday", "bank_holiday") values ('2004-05-26', 'Mother''s Day', 0);
insert into holidays ("date", "holiday", "bank_holiday") values ('2004-06-01', 'Children''s Day', 0);
insert into holidays ("date", "holiday", "bank_holiday") values ('2004-06-23', 'Father''s Day', 0);
insert into holidays ("date", "holiday", "bank_holiday") values ('2004-08-15', 'Feast of the Assumption', 1);
insert into holidays ("date", "holiday", "bank_holiday") values ('2004-11-01', 'Feast of All Saints', 1);
insert into holidays ("date", "holiday", "bank_holiday") values ('2004-11-02', 'All Souls'' Day', 0);
insert into holidays ("date", "holiday", "bank_holiday") values ('2004-11-11', 'Independence Day', 1);
insert into holidays ("date", "holiday", "bank_holiday") values ('2004-11-30', 'Andrzejki', 0);
insert into holidays ("date", "holiday", "bank_holiday") values ('2004-12-24', 'Christmas Eve', 0);
insert into holidays ("date", "holiday", "bank_holiday") values ('2004-12-25', 'Christmas', 1);
insert into holidays ("date", "holiday", "bank_holiday") values ('2004-12-26', 'Second Day of Christmas', 1);
insert into holidays ("date", "holiday", "bank_holiday") values ('2004-12-31', 'New Year''s Eve', 0);

insert into holidays ("date", "holiday", "bank_holiday") values ('2004-04-08', 'Maundy Thursday', 0);
insert into holidays ("date", "holiday", "bank_holiday") values ('2004-04-09', 'Good Friday', 0);
insert into holidays ("date", "holiday", "bank_holiday") values ('2004-04-10', 'Holy Saturday', 0);
insert into holidays ("date", "holiday", "bank_holiday") values ('2004-04-11', 'Easter Sunday', 1);	
insert into holidays ("date", "holiday", "bank_holiday") values ('2004-04-12', 'Easter Monday', 1);
insert into holidays ("date", "holiday", "bank_holiday") values ('2004-05-30', 'Pentecost', 1);	
insert into holidays ("date", "holiday", "bank_holiday") values ('2004-06-10', 'Corpus Christi', 1);		

--2005
insert into holidays ("date", "holiday", "bank_holiday") values ('2005-01-01', 'New Year', 1);
insert into holidays ("date", "holiday", "bank_holiday") values ('2005-01-21', 'Grandmother''s Day', 0);
insert into holidays ("date", "holiday", "bank_holiday") values ('2005-01-22', 'Grandfather''s Day', 0);
insert into holidays ("date", "holiday", "bank_holiday") values ('2005-02-14', 'Valentine''s Day', 0);
insert into holidays ("date", "holiday", "bank_holiday") values ('2005-04-01', 'April Fool''s Day', 0);
insert into holidays ("date", "holiday", "bank_holiday") values ('2005-05-01', 'Labour Day', 1);
insert into holidays ("date", "holiday", "bank_holiday") values ('2005-05-02', 'Flag Day', 0);	--since 2004
insert into holidays ("date", "holiday", "bank_holiday") values ('2005-05-03', '3rd of May Constitution''s Day', 1);
--insert into holidays ("date", "holiday", "bank_holiday") values ('2005-05-26', 'Mother''s Day', 0);
insert into holidays ("date", "holiday", "bank_holiday") values ('2005-06-01', 'Children''s Day', 0);
insert into holidays ("date", "holiday", "bank_holiday") values ('2005-06-23', 'Father''s Day', 0);
insert into holidays ("date", "holiday", "bank_holiday") values ('2005-08-15', 'Feast of the Assumption', 1);
insert into holidays ("date", "holiday", "bank_holiday") values ('2005-11-01', 'Feast of All Saints', 1);
insert into holidays ("date", "holiday", "bank_holiday") values ('2005-11-02', 'All Souls'' Day', 0);
insert into holidays ("date", "holiday", "bank_holiday") values ('2005-11-11', 'Independence Day', 1);
insert into holidays ("date", "holiday", "bank_holiday") values ('2005-11-30', 'Andrzejki', 0);
insert into holidays ("date", "holiday", "bank_holiday") values ('2005-12-24', 'Christmas Eve', 0);
insert into holidays ("date", "holiday", "bank_holiday") values ('2005-12-25', 'Christmas', 1);
insert into holidays ("date", "holiday", "bank_holiday") values ('2005-12-26', 'Second Day of Christmas', 1);
insert into holidays ("date", "holiday", "bank_holiday") values ('2005-12-31', 'New Year''s Eve', 0);

insert into holidays ("date", "holiday", "bank_holiday") values ('2005-03-24', 'Maundy Thursday', 0);
insert into holidays ("date", "holiday", "bank_holiday") values ('2005-03-25', 'Good Friday', 0);
insert into holidays ("date", "holiday", "bank_holiday") values ('2005-03-26', 'Holy Saturday', 0);
insert into holidays ("date", "holiday", "bank_holiday") values ('2005-03-27', 'Easter Sunday', 1);	
insert into holidays ("date", "holiday", "bank_holiday") values ('2005-03-28', 'Easter Monday', 1);
insert into holidays ("date", "holiday", "bank_holiday") values ('2005-05-15', 'Pentecost', 1);	
insert into holidays ("date", "holiday", "bank_holiday") values ('2005-05-26', 'Corpus Christi/Mother''s Day', 1);		

--2006
insert into holidays ("date", "holiday", "bank_holiday") values ('2006-01-01', 'New Year', 1);
insert into holidays ("date", "holiday", "bank_holiday") values ('2006-01-21', 'Grandmother''s Day', 0);
insert into holidays ("date", "holiday", "bank_holiday") values ('2006-01-22', 'Grandfather''s Day', 0);
insert into holidays ("date", "holiday", "bank_holiday") values ('2006-02-14', 'Valentine''s Day', 0);
insert into holidays ("date", "holiday", "bank_holiday") values ('2006-04-01', 'April Fool''s Day', 0);
insert into holidays ("date", "holiday", "bank_holiday") values ('2006-05-01', 'Labour Day', 1);
insert into holidays ("date", "holiday", "bank_holiday") values ('2006-05-02', 'Flag Day', 0);	--since 2004
insert into holidays ("date", "holiday", "bank_holiday") values ('2006-05-03', '3rd of May Constitution''s Day', 1);
insert into holidays ("date", "holiday", "bank_holiday") values ('2006-05-26', 'Mother''s Day', 0);
insert into holidays ("date", "holiday", "bank_holiday") values ('2006-06-01', 'Children''s Day', 0);
insert into holidays ("date", "holiday", "bank_holiday") values ('2006-06-23', 'Father''s Day', 0);
insert into holidays ("date", "holiday", "bank_holiday") values ('2006-08-15', 'Feast of the Assumption', 1);
insert into holidays ("date", "holiday", "bank_holiday") values ('2006-11-01', 'Feast of All Saints', 1);
insert into holidays ("date", "holiday", "bank_holiday") values ('2006-11-02', 'All Souls'' Day', 0);
insert into holidays ("date", "holiday", "bank_holiday") values ('2006-11-11', 'Independence Day', 1);
insert into holidays ("date", "holiday", "bank_holiday") values ('2006-11-30', 'Andrzejki', 0);
insert into holidays ("date", "holiday", "bank_holiday") values ('2006-12-24', 'Christmas Eve', 0);
insert into holidays ("date", "holiday", "bank_holiday") values ('2006-12-25', 'Christmas', 1);
insert into holidays ("date", "holiday", "bank_holiday") values ('2006-12-26', 'Second Day of Christmas', 1);
insert into holidays ("date", "holiday", "bank_holiday") values ('2006-12-31', 'New Year''s Eve', 0);

insert into holidays ("date", "holiday", "bank_holiday") values ('2006-04-13', 'Maundy Thursday', 0);
insert into holidays ("date", "holiday", "bank_holiday") values ('2006-04-14', 'Good Friday', 0);
insert into holidays ("date", "holiday", "bank_holiday") values ('2006-04-15', 'Holy Saturday', 0);
insert into holidays ("date", "holiday", "bank_holiday") values ('2006-04-16', 'Easter Sunday', 1);	
insert into holidays ("date", "holiday", "bank_holiday") values ('2006-04-17', 'Easter Monday', 1);
insert into holidays ("date", "holiday", "bank_holiday") values ('2006-06-04', 'Pentecost', 1);	
insert into holidays ("date", "holiday", "bank_holiday") values ('2006-06-15', 'Corpus Christi', 1);		

--2007
insert into holidays ("date", "holiday", "bank_holiday") values ('2007-01-01', 'New Year', 1);
insert into holidays ("date", "holiday", "bank_holiday") values ('2007-01-21', 'Grandmother''s Day', 0);
insert into holidays ("date", "holiday", "bank_holiday") values ('2007-01-22', 'Grandfather''s Day', 0);
insert into holidays ("date", "holiday", "bank_holiday") values ('2007-02-14', 'Valentine''s Day', 0);
insert into holidays ("date", "holiday", "bank_holiday") values ('2007-04-01', 'April Fool''s Day', 0);
insert into holidays ("date", "holiday", "bank_holiday") values ('2007-05-01', 'Labour Day', 1);
insert into holidays ("date", "holiday", "bank_holiday") values ('2007-05-02', 'Flag Day', 0);	--since 2004
insert into holidays ("date", "holiday", "bank_holiday") values ('2007-05-03', '3rd of May Constitution''s Day', 1);
insert into holidays ("date", "holiday", "bank_holiday") values ('2007-05-26', 'Mother''s Day', 0);
insert into holidays ("date", "holiday", "bank_holiday") values ('2007-06-01', 'Children''s Day', 0);
insert into holidays ("date", "holiday", "bank_holiday") values ('2007-06-23', 'Father''s Day', 0);
insert into holidays ("date", "holiday", "bank_holiday") values ('2007-08-15', 'Feast of the Assumption', 1);
insert into holidays ("date", "holiday", "bank_holiday") values ('2007-11-01', 'Feast of All Saints', 1);
insert into holidays ("date", "holiday", "bank_holiday") values ('2007-11-02', 'All Souls'' Day', 0);
insert into holidays ("date", "holiday", "bank_holiday") values ('2007-11-11', 'Independence Day', 1);
insert into holidays ("date", "holiday", "bank_holiday") values ('2007-11-30', 'Andrzejki', 0);
insert into holidays ("date", "holiday", "bank_holiday") values ('2007-12-24', 'Christmas Eve', 0);
insert into holidays ("date", "holiday", "bank_holiday") values ('2007-12-25', 'Christmas', 1);
insert into holidays ("date", "holiday", "bank_holiday") values ('2007-12-26', 'Second Day of Christmas', 1);
insert into holidays ("date", "holiday", "bank_holiday") values ('2007-12-31', 'New Year''s Eve', 0);

insert into holidays ("date", "holiday", "bank_holiday") values ('2007-04-05', 'Maundy Thursday', 0);
insert into holidays ("date", "holiday", "bank_holiday") values ('2007-04-06', 'Good Friday', 0);
insert into holidays ("date", "holiday", "bank_holiday") values ('2007-04-07', 'Holy Saturday', 0);
insert into holidays ("date", "holiday", "bank_holiday") values ('2007-04-08', 'Easter Sunday', 1);	
insert into holidays ("date", "holiday", "bank_holiday") values ('2007-04-09', 'Easter Monday', 1);
insert into holidays ("date", "holiday", "bank_holiday") values ('2007-05-27', 'Pentecost', 1);	
insert into holidays ("date", "holiday", "bank_holiday") values ('2007-06-07', 'Corpus Christi', 1);		

--2008
insert into holidays ("date", "holiday", "bank_holiday") values ('2008-01-01', 'New Year', 1);
insert into holidays ("date", "holiday", "bank_holiday") values ('2008-01-21', 'Grandmother''s Day', 0);
insert into holidays ("date", "holiday", "bank_holiday") values ('2008-01-22', 'Grandfather''s Day', 0);
insert into holidays ("date", "holiday", "bank_holiday") values ('2008-02-14', 'Valentine''s Day', 0);
insert into holidays ("date", "holiday", "bank_holiday") values ('2008-04-01', 'April Fool''s Day', 0);
insert into holidays ("date", "holiday", "bank_holiday") values ('2008-05-01', 'Labour Day', 1);
insert into holidays ("date", "holiday", "bank_holiday") values ('2008-05-02', 'Flag Day', 0);	--since 2004
insert into holidays ("date", "holiday", "bank_holiday") values ('2008-05-03', '3rd of May Constitution''s Day', 1);
insert into holidays ("date", "holiday", "bank_holiday") values ('2008-05-26', 'Mother''s Day', 0);
insert into holidays ("date", "holiday", "bank_holiday") values ('2008-06-01', 'Children''s Day', 0);
insert into holidays ("date", "holiday", "bank_holiday") values ('2008-06-23', 'Father''s Day', 0);
insert into holidays ("date", "holiday", "bank_holiday") values ('2008-08-15', 'Feast of the Assumption', 1);
insert into holidays ("date", "holiday", "bank_holiday") values ('2008-11-01', 'Feast of All Saints', 1);
insert into holidays ("date", "holiday", "bank_holiday") values ('2008-11-02', 'All Souls'' Day', 0);
insert into holidays ("date", "holiday", "bank_holiday") values ('2008-11-11', 'Independence Day', 1);
insert into holidays ("date", "holiday", "bank_holiday") values ('2008-11-30', 'Andrzejki', 0);
insert into holidays ("date", "holiday", "bank_holiday") values ('2008-12-24', 'Christmas Eve', 0);
insert into holidays ("date", "holiday", "bank_holiday") values ('2008-12-25', 'Christmas', 1);
insert into holidays ("date", "holiday", "bank_holiday") values ('2008-12-26', 'Second Day of Christmas', 1);
insert into holidays ("date", "holiday", "bank_holiday") values ('2008-12-31', 'New Year''s Eve', 0);

insert into holidays ("date", "holiday", "bank_holiday") values ('2008-03-20', 'Maundy Thursday', 0);
insert into holidays ("date", "holiday", "bank_holiday") values ('2008-03-21', 'Good Friday', 0);
insert into holidays ("date", "holiday", "bank_holiday") values ('2008-03-22', 'Holy Saturday', 0);
insert into holidays ("date", "holiday", "bank_holiday") values ('2008-03-23', 'Easter Sunday', 1);	
insert into holidays ("date", "holiday", "bank_holiday") values ('2008-03-24', 'Easter Monday', 1);
insert into holidays ("date", "holiday", "bank_holiday") values ('2008-05-11', 'Pentecost', 1);	
insert into holidays ("date", "holiday", "bank_holiday") values ('2008-05-22', 'Corpus Christi', 1);		


--2009
insert into holidays ("date", "holiday", "bank_holiday") values ('2009-01-01', 'New Year', 1);
insert into holidays ("date", "holiday", "bank_holiday") values ('2009-01-06', 'wito Trzech Krli', 1); --obowizuje od 1 stycznia 2011 roku
insert into holidays ("date", "holiday", "bank_holiday") values ('2009-01-21', 'Grandmother''s Day', 0);
insert into holidays ("date", "holiday", "bank_holiday") values ('2009-01-22', 'Grandfather''s Day', 0);
insert into holidays ("date", "holiday", "bank_holiday") values ('2009-02-14', 'Valentine''s Day', 0);
insert into holidays ("date", "holiday", "bank_holiday") values ('2009-04-01', 'April Fool''s Day', 0);
insert into holidays ("date", "holiday", "bank_holiday") values ('2009-05-01', 'Labour Day', 1);
insert into holidays ("date", "holiday", "bank_holiday") values ('2009-05-02', 'Flag Day', 0);	--since 2004
insert into holidays ("date", "holiday", "bank_holiday") values ('2009-05-03', '3rd of May Constitution''s Day', 1);
insert into holidays ("date", "holiday", "bank_holiday") values ('2009-05-26', 'Mother''s Day', 0);
insert into holidays ("date", "holiday", "bank_holiday") values ('2009-06-01', 'Children''s Day', 0);
insert into holidays ("date", "holiday", "bank_holiday") values ('2009-06-23', 'Father''s Day', 0);
insert into holidays ("date", "holiday", "bank_holiday") values ('2009-08-15', 'Feast of the Assumption', 1);
insert into holidays ("date", "holiday", "bank_holiday") values ('2009-11-01', 'Feast of All Saints', 1);
insert into holidays ("date", "holiday", "bank_holiday") values ('2009-11-02', 'All Souls'' Day', 0);
insert into holidays ("date", "holiday", "bank_holiday") values ('2009-11-11', 'Independence Day', 1);
insert into holidays ("date", "holiday", "bank_holiday") values ('2009-11-30', 'Andrzejki', 0);
insert into holidays ("date", "holiday", "bank_holiday") values ('2009-12-24', 'Christmas Eve', 0);
insert into holidays ("date", "holiday", "bank_holiday") values ('2009-12-25', 'Christmas', 1);
insert into holidays ("date", "holiday", "bank_holiday") values ('2009-12-26', 'Second Day of Christmas', 1);
insert into holidays ("date", "holiday", "bank_holiday") values ('2009-12-31', 'New Year''s Eve', 0);

insert into holidays ("date", "holiday", "bank_holiday") values ('2009-04-09', 'Maundy Thursday', 0);
insert into holidays ("date", "holiday", "bank_holiday") values ('2009-04-10', 'Good Friday', 0);
insert into holidays ("date", "holiday", "bank_holiday") values ('2009-04-11', 'Holy Saturday', 0);
insert into holidays ("date", "holiday", "bank_holiday") values ('2009-04-12', 'Easter Sunday', 1);	
insert into holidays ("date", "holiday", "bank_holiday") values ('2009-04-13', 'Easter Monday', 1);
insert into holidays ("date", "holiday", "bank_holiday") values ('2009-05-31', 'Pentecost', 1);	
insert into holidays ("date", "holiday", "bank_holiday") values ('2009-06-11', 'Corpus Christi', 1);		

--2010
insert into holidays ("date", "holiday", "bank_holiday") values ('2010-01-01', 'New Year', 1);
insert into holidays ("date", "holiday", "bank_holiday") values ('2010-01-06', 'wito Trzech Krli', 1); --obowizuje od 1 stycznia 2011 roku
insert into holidays ("date", "holiday", "bank_holiday") values ('2010-01-21', 'Grandmother''s Day', 0);
insert into holidays ("date", "holiday", "bank_holiday") values ('2010-01-22', 'Grandfather''s Day', 0);
insert into holidays ("date", "holiday", "bank_holiday") values ('2010-02-14', 'Valentine''s Day', 0);
--insert into holidays ("date", "holiday", "bank_holiday") values ('2010-04-01', 'April Fool''s Day', 0);
insert into holidays ("date", "holiday", "bank_holiday") values ('2010-05-01', 'Labour Day', 1);
insert into holidays ("date", "holiday", "bank_holiday") values ('2010-05-02', 'Flag Day', 0);	--since 2004
insert into holidays ("date", "holiday", "bank_holiday") values ('2010-05-03', '3rd of May Constitution''s Day', 1);
insert into holidays ("date", "holiday", "bank_holiday") values ('2010-05-26', 'Mother''s Day', 0);
insert into holidays ("date", "holiday", "bank_holiday") values ('2010-06-01', 'Children''s Day', 0);
insert into holidays ("date", "holiday", "bank_holiday") values ('2010-06-23', 'Father''s Day', 0);
insert into holidays ("date", "holiday", "bank_holiday") values ('2010-08-15', 'Feast of the Assumption', 1);
insert into holidays ("date", "holiday", "bank_holiday") values ('2010-11-01', 'Feast of All Saints', 1);
insert into holidays ("date", "holiday", "bank_holiday") values ('2010-11-02', 'All Souls'' Day', 0);
insert into holidays ("date", "holiday", "bank_holiday") values ('2010-11-11', 'Independence Day', 1);
insert into holidays ("date", "holiday", "bank_holiday") values ('2010-11-30', 'Andrzejki', 0);
insert into holidays ("date", "holiday", "bank_holiday") values ('2010-12-24', 'Christmas Eve', 0);
insert into holidays ("date", "holiday", "bank_holiday") values ('2010-12-25', 'Christmas', 1);
insert into holidays ("date", "holiday", "bank_holiday") values ('2010-12-26', 'Second Day of Christmas', 1);
insert into holidays ("date", "holiday", "bank_holiday") values ('2010-12-31', 'New Year''s Eve', 0);

insert into holidays ("date", "holiday", "bank_holiday") values ('2010-04-01', 'Maundy Thursday/April Fool''s Day', 0);
insert into holidays ("date", "holiday", "bank_holiday") values ('2010-04-02', 'Good Friday', 0);
insert into holidays ("date", "holiday", "bank_holiday") values ('2010-04-03', 'Holy Saturday', 0);
insert into holidays ("date", "holiday", "bank_holiday") values ('2010-04-04', 'Easter Sunday', 1);	
insert into holidays ("date", "holiday", "bank_holiday") values ('2010-04-05', 'Easter Monday', 1);
insert into holidays ("date", "holiday", "bank_holiday") values ('2010-05-23', 'Pentecost', 1);	
insert into holidays ("date", "holiday", "bank_holiday") values ('2010-06-06', 'Corpus Christi', 1);		

--2011
insert into holidays ("date", "holiday", "bank_holiday") values ('2011-01-01', 'New Year', 1);
insert into holidays ("date", "holiday", "bank_holiday") values ('2011-01-06', 'wito Trzech Krli', 1); --obowizuje od 1 stycznia 2011 roku
insert into holidays ("date", "holiday", "bank_holiday") values ('2011-01-21', 'Grandmother''s Day', 0);
insert into holidays ("date", "holiday", "bank_holiday") values ('2011-01-22', 'Grandfather''s Day', 0);
insert into holidays ("date", "holiday", "bank_holiday") values ('2011-02-14', 'Valentine''s Day', 0);
insert into holidays ("date", "holiday", "bank_holiday") values ('2011-04-01', 'April Fool''s Day', 0);
insert into holidays ("date", "holiday", "bank_holiday") values ('2011-05-01', 'Labour Day', 1);
insert into holidays ("date", "holiday", "bank_holiday") values ('2011-05-02', 'Flag Day', 0);	--since 2004
insert into holidays ("date", "holiday", "bank_holiday") values ('2011-05-03', '3rd of May Constitution''s Day', 1);
insert into holidays ("date", "holiday", "bank_holiday") values ('2011-05-26', 'Mother''s Day', 0);
insert into holidays ("date", "holiday", "bank_holiday") values ('2011-06-01', 'Children''s Day', 0);
--insert into holidays ("date", "holiday", "bank_holiday") values ('2011-06-23', 'Father''s Day', 0);
insert into holidays ("date", "holiday", "bank_holiday") values ('2011-08-15', 'Feast of the Assumption', 1);
insert into holidays ("date", "holiday", "bank_holiday") values ('2011-11-01', 'Feast of All Saints', 1);
insert into holidays ("date", "holiday", "bank_holiday") values ('2011-11-02', 'All Souls'' Day', 0);
insert into holidays ("date", "holiday", "bank_holiday") values ('2011-11-11', 'Independence Day', 1);
insert into holidays ("date", "holiday", "bank_holiday") values ('2011-11-30', 'Andrzejki', 0);
insert into holidays ("date", "holiday", "bank_holiday") values ('2011-12-24', 'Christmas Eve', 0);
insert into holidays ("date", "holiday", "bank_holiday") values ('2011-12-25', 'Christmas', 1);
insert into holidays ("date", "holiday", "bank_holiday") values ('2011-12-26', 'Second Day of Christmas', 1);
insert into holidays ("date", "holiday", "bank_holiday") values ('2011-12-31', 'New Year''s Eve', 0);

insert into holidays ("date", "holiday", "bank_holiday") values ('2011-04-21', 'Maundy Thursday', 0);
insert into holidays ("date", "holiday", "bank_holiday") values ('2011-04-22', 'Good Friday', 0);
insert into holidays ("date", "holiday", "bank_holiday") values ('2011-04-23', 'Holy Saturday', 0);
insert into holidays ("date", "holiday", "bank_holiday") values ('2011-04-24', 'Easter Sunday', 1);	
insert into holidays ("date", "holiday", "bank_holiday") values ('2011-04-25', 'Easter Monday', 1);
insert into holidays ("date", "holiday", "bank_holiday") values ('2011-06-12', 'Pentecost', 1);	
insert into holidays ("date", "holiday", "bank_holiday") values ('2011-06-23', 'Corpus Christi/Father''s Day', 1);		

--2012
insert into holidays ("date", "holiday", "bank_holiday") values ('2012-01-01', 'New Year', 1);
insert into holidays ("date", "holiday", "bank_holiday") values ('2012-01-06', 'wito Trzech Krli', 1); --obowizuje od 1 stycznia 2011 roku
insert into holidays ("date", "holiday", "bank_holiday") values ('2012-01-21', 'Grandmother''s Day', 0);
insert into holidays ("date", "holiday", "bank_holiday") values ('2012-01-22', 'Grandfather''s Day', 0);
insert into holidays ("date", "holiday", "bank_holiday") values ('2012-02-14', 'Valentine''s Day', 0);
insert into holidays ("date", "holiday", "bank_holiday") values ('2012-04-01', 'April Fool''s Day', 0);
insert into holidays ("date", "holiday", "bank_holiday") values ('2012-05-01', 'Labour Day', 1);
insert into holidays ("date", "holiday", "bank_holiday") values ('2012-05-02', 'Flag Day', 0);	--since 2004
insert into holidays ("date", "holiday", "bank_holiday") values ('2012-05-03', '3rd of May Constitution''s Day', 1);
insert into holidays ("date", "holiday", "bank_holiday") values ('2012-05-26', 'Mother''s Day', 0);
insert into holidays ("date", "holiday", "bank_holiday") values ('2012-06-01', 'Children''s Day', 0);
insert into holidays ("date", "holiday", "bank_holiday") values ('2012-06-23', 'Father''s Day', 0);
insert into holidays ("date", "holiday", "bank_holiday") values ('2012-08-15', 'Feast of the Assumption', 1);
insert into holidays ("date", "holiday", "bank_holiday") values ('2012-11-01', 'Feast of All Saints', 1);
insert into holidays ("date", "holiday", "bank_holiday") values ('2012-11-02', 'All Souls'' Day', 0);
insert into holidays ("date", "holiday", "bank_holiday") values ('2012-11-11', 'Independence Day', 1);
insert into holidays ("date", "holiday", "bank_holiday") values ('2012-11-30', 'Andrzejki', 0);
insert into holidays ("date", "holiday", "bank_holiday") values ('2012-12-24', 'Christmas Eve', 0);
insert into holidays ("date", "holiday", "bank_holiday") values ('2012-12-25', 'Christmas', 1);
insert into holidays ("date", "holiday", "bank_holiday") values ('2012-12-26', 'Second Day of Christmas', 1);
insert into holidays ("date", "holiday", "bank_holiday") values ('2012-12-31', 'New Year''s Eve', 0);

insert into holidays ("date", "holiday", "bank_holiday") values ('2012-04-05', 'Maundy Thursday', 0);
insert into holidays ("date", "holiday", "bank_holiday") values ('2012-04-06', 'Good Friday', 0);
insert into holidays ("date", "holiday", "bank_holiday") values ('2012-04-07', 'Holy Saturday', 0);
insert into holidays ("date", "holiday", "bank_holiday") values ('2012-04-08', 'Easter Sunday', 1);	
insert into holidays ("date", "holiday", "bank_holiday") values ('2012-04-09', 'Easter Monday', 1);
insert into holidays ("date", "holiday", "bank_holiday") values ('2012-05-27', 'Pentecost', 1);	
insert into holidays ("date", "holiday", "bank_holiday") values ('2012-06-07', 'Corpus Christi', 1);		

--2013
insert into holidays ("date", "holiday", "bank_holiday") values ('2013-01-01', 'New Year', 1);
insert into holidays ("date", "holiday", "bank_holiday") values ('2013-01-06', 'wito Trzech Krli', 1); --obowizuje od 1 stycznia 2011 roku
insert into holidays ("date", "holiday", "bank_holiday") values ('2013-01-21', 'Grandmother''s Day', 0);
insert into holidays ("date", "holiday", "bank_holiday") values ('2013-01-22', 'Grandfather''s Day', 0);
insert into holidays ("date", "holiday", "bank_holiday") values ('2013-02-14', 'Valentine''s Day', 0);
--insert into holidays ("date", "holiday", "bank_holiday") values ('2013-04-01', 'April Fool''s Day', 0);
insert into holidays ("date", "holiday", "bank_holiday") values ('2013-05-01', 'Labour Day', 1);
insert into holidays ("date", "holiday", "bank_holiday") values ('2013-05-02', 'Flag Day', 0);	--since 2004
insert into holidays ("date", "holiday", "bank_holiday") values ('2013-05-03', '3rd of May Constitution''s Day', 1);
insert into holidays ("date", "holiday", "bank_holiday") values ('2013-05-26', 'Mother''s Day', 0);
insert into holidays ("date", "holiday", "bank_holiday") values ('2013-06-01', 'Children''s Day', 0);
insert into holidays ("date", "holiday", "bank_holiday") values ('2013-06-23', 'Father''s Day', 0);
insert into holidays ("date", "holiday", "bank_holiday") values ('2013-08-15', 'Feast of the Assumption', 1);
insert into holidays ("date", "holiday", "bank_holiday") values ('2013-11-01', 'Feast of All Saints', 1);
insert into holidays ("date", "holiday", "bank_holiday") values ('2013-11-02', 'All Souls'' Day', 0);
insert into holidays ("date", "holiday", "bank_holiday") values ('2013-11-11', 'Independence Day', 1);
insert into holidays ("date", "holiday", "bank_holiday") values ('2013-11-30', 'Andrzejki', 0);
insert into holidays ("date", "holiday", "bank_holiday") values ('2013-12-24', 'Christmas Eve', 0);
insert into holidays ("date", "holiday", "bank_holiday") values ('2013-12-25', 'Christmas', 1);
insert into holidays ("date", "holiday", "bank_holiday") values ('2013-12-26', 'Second Day of Christmas', 1);
insert into holidays ("date", "holiday", "bank_holiday") values ('2013-12-31', 'New Year''s Eve', 0);

insert into holidays ("date", "holiday", "bank_holiday") values ('2013-03-28', 'Maundy Thursday', 0);
insert into holidays ("date", "holiday", "bank_holiday") values ('2013-03-29', 'Good Friday', 0);
insert into holidays ("date", "holiday", "bank_holiday") values ('2013-03-30', 'Holy Saturday', 0);
insert into holidays ("date", "holiday", "bank_holiday") values ('2013-03-31', 'Easter Sunday', 1);	
insert into holidays ("date", "holiday", "bank_holiday") values ('2013-04-01', 'Easter Monday/April Fool''s Day', 1);
insert into holidays ("date", "holiday", "bank_holiday") values ('2013-05-19', 'Pentecost', 1);	
insert into holidays ("date", "holiday", "bank_holiday") values ('2013-05-30', 'Corpus Christi', 1);		

--2014
insert into holidays ("date", "holiday", "bank_holiday") values ('2014-01-01', 'New Year', 1);
insert into holidays ("date", "holiday", "bank_holiday") values ('2014-01-06', 'wito Trzech Krli', 1); --obowizuje od 1 stycznia 2011 roku
insert into holidays ("date", "holiday", "bank_holiday") values ('2014-01-21', 'Grandmother''s Day', 0);
insert into holidays ("date", "holiday", "bank_holiday") values ('2014-01-22', 'Grandfather''s Day', 0);
insert into holidays ("date", "holiday", "bank_holiday") values ('2014-02-14', 'Valentine''s Day', 0);
insert into holidays ("date", "holiday", "bank_holiday") values ('2014-04-01', 'April Fool''s Day', 0);
insert into holidays ("date", "holiday", "bank_holiday") values ('2014-05-01', 'Labour Day', 1);
insert into holidays ("date", "holiday", "bank_holiday") values ('2014-05-02', 'Flag Day', 0);	--since 2004
insert into holidays ("date", "holiday", "bank_holiday") values ('2014-05-03', '3rd of May Constitution''s Day', 1);
insert into holidays ("date", "holiday", "bank_holiday") values ('2014-05-26', 'Mother''s Day', 0);
insert into holidays ("date", "holiday", "bank_holiday") values ('2014-06-01', 'Children''s Day', 0);
insert into holidays ("date", "holiday", "bank_holiday") values ('2014-06-23', 'Father''s Day', 0);
insert into holidays ("date", "holiday", "bank_holiday") values ('2014-08-15', 'Feast of the Assumption', 1);
insert into holidays ("date", "holiday", "bank_holiday") values ('2014-11-01', 'Feast of All Saints', 1);
insert into holidays ("date", "holiday", "bank_holiday") values ('2014-11-02', 'All Souls'' Day', 0);
insert into holidays ("date", "holiday", "bank_holiday") values ('2014-11-11', 'Independence Day', 1);
insert into holidays ("date", "holiday", "bank_holiday") values ('2014-11-30', 'Andrzejki', 0);
insert into holidays ("date", "holiday", "bank_holiday") values ('2014-12-24', 'Christmas Eve', 0);
insert into holidays ("date", "holiday", "bank_holiday") values ('2014-12-25', 'Christmas', 1);
insert into holidays ("date", "holiday", "bank_holiday") values ('2014-12-26', 'Second Day of Christmas', 1);
insert into holidays ("date", "holiday", "bank_holiday") values ('2014-12-31', 'New Year''s Eve', 0);

insert into holidays ("date", "holiday", "bank_holiday") values ('2014-04-17', 'Maundy Thursday', 0);
insert into holidays ("date", "holiday", "bank_holiday") values ('2014-04-18', 'Good Friday', 0);
insert into holidays ("date", "holiday", "bank_holiday") values ('2014-04-19', 'Holy Saturday', 0);
insert into holidays ("date", "holiday", "bank_holiday") values ('2014-04-20', 'Easter Sunday', 1);	
insert into holidays ("date", "holiday", "bank_holiday") values ('2014-04-21', 'Easter Monday', 1);
insert into holidays ("date", "holiday", "bank_holiday") values ('2014-06-08', 'Pentecost', 1);	
insert into holidays ("date", "holiday", "bank_holiday") values ('2014-06-19', 'Corpus Christi', 1);		

--2015
insert into holidays ("date", "holiday", "bank_holiday") values ('2015-01-01', 'New Year', 1);
insert into holidays ("date", "holiday", "bank_holiday") values ('2015-01-06', 'wito Trzech Krli', 1); --obowizuje od 1 stycznia 2011 roku
insert into holidays ("date", "holiday", "bank_holiday") values ('2015-01-21', 'Grandmother''s Day', 0);
insert into holidays ("date", "holiday", "bank_holiday") values ('2015-01-22', 'Grandfather''s Day', 0);
insert into holidays ("date", "holiday", "bank_holiday") values ('2015-02-14', 'Valentine''s Day', 0);
insert into holidays ("date", "holiday", "bank_holiday") values ('2015-04-01', 'April Fool''s Day', 0);
insert into holidays ("date", "holiday", "bank_holiday") values ('2015-05-01', 'Labour Day', 1);
insert into holidays ("date", "holiday", "bank_holiday") values ('2015-05-02', 'Flag Day', 0);	--since 2004
insert into holidays ("date", "holiday", "bank_holiday") values ('2015-05-03', '3rd of May Constitution''s Day', 1);
insert into holidays ("date", "holiday", "bank_holiday") values ('2015-05-26', 'Mother''s Day', 0);
insert into holidays ("date", "holiday", "bank_holiday") values ('2015-06-01', 'Children''s Day', 0);
insert into holidays ("date", "holiday", "bank_holiday") values ('2015-06-23', 'Father''s Day', 0);
insert into holidays ("date", "holiday", "bank_holiday") values ('2015-08-15', 'Feast of the Assumption', 1);
insert into holidays ("date", "holiday", "bank_holiday") values ('2015-11-01', 'Feast of All Saints', 1);
insert into holidays ("date", "holiday", "bank_holiday") values ('2015-11-02', 'All Souls'' Day', 0);
insert into holidays ("date", "holiday", "bank_holiday") values ('2015-11-11', 'Independence Day', 1);
insert into holidays ("date", "holiday", "bank_holiday") values ('2015-11-30', 'Andrzejki', 0);
insert into holidays ("date", "holiday", "bank_holiday") values ('2015-12-24', 'Christmas Eve', 0);
insert into holidays ("date", "holiday", "bank_holiday") values ('2015-12-25', 'Christmas', 1);
insert into holidays ("date", "holiday", "bank_holiday") values ('2015-12-26', 'Second Day of Christmas', 1);
insert into holidays ("date", "holiday", "bank_holiday") values ('2015-12-31', 'New Year''s Eve', 0);

insert into holidays ("date", "holiday", "bank_holiday") values ('2015-04-02', 'Maundy Thursday', 0);
insert into holidays ("date", "holiday", "bank_holiday") values ('2015-04-03', 'Good Friday', 0);
insert into holidays ("date", "holiday", "bank_holiday") values ('2015-04-04', 'Holy Saturday', 0);
insert into holidays ("date", "holiday", "bank_holiday") values ('2015-04-05', 'Easter Sunday', 1);	
insert into holidays ("date", "holiday", "bank_holiday") values ('2015-04-06', 'Easter Monday', 1);
insert into holidays ("date", "holiday", "bank_holiday") values ('2015-05-24', 'Pentecost', 1);	
insert into holidays ("date", "holiday", "bank_holiday") values ('2015-06-04', 'Corpus Christi', 1);		

GO
USE master;